mapped_page,keyword,avg_monthly,competition,top_bid_high,source_group,intent,priority
Bath & Wellness (L2),bathtub chennai,50,High,23.78,core,Commercial,Medium
Bath & Wellness (L2),rooms with bathtub in chennai,50,High,22.29,core,Commercial,Medium
Bath & Wellness (L2),oyo rooms with bathtub in chennai,50,Medium,19.39,core,Commercial,Medium
Bath & Wellness (L2),bathtub rooms in chennai,50,High,15.97,core,Commercial,Medium
Bath & Wellness (L2),jacuzzi bath in chennai,50,High,12.36,core,Commercial,Medium
Bath & Wellness (L2),hindware bathtub price in chennai,50,Unknown,0.0,brands,Commercial,Low
Bath & Wellness (L2),jacuzzi bathtub chennai,50,Unknown,0.0,core,Commercial,Low
Bath & Wellness (L2),shower enclosure chennai,50,Medium,0.0,core,Informational,Low
Bathroom Fittings / Fixtures (L1),bathroom fittings wholesale in chennai,500,High,51.31,core,Commercial,High
Bathroom Fittings / Fixtures (L1),bathroom fittings chennai,500,High,45.45,core,Commercial,Medium
Bathroom Fittings / Fixtures (L1),bathroom fittings showroom in chennai,50,High,42.23,core,Commercial,Medium
Bathroom Fittings / Fixtures (L1),best bathroom fittings in chennai,50,High,31.36,core,Informational,Medium
Bathroom Fittings / Fixtures (L1),jaquar bathroom fittings chennai,50,Medium,22.51,core,Commercial,Medium
Bathroom Fittings / Fixtures (L1),bathroom fittings chennai parrys,50,Medium,0.0,core,Commercial,Low
Bathroom Fittings / Fixtures (L1),bathroom fittings in parrys,50,Medium,0.0,core,Commercial,Low
Bathroom Fittings / Fixtures (L1),bathroom fittings manufacturers in chennai,50,Unknown,0.0,core,Commercial,Low
Bathroom Fittings / Fixtures (L1),jaquar bathroom fittings in chennai,50,Low,0.0,core,Commercial,Low
Bathroom Fittings / Fixtures (L1),jaquar bathroom fittings service centre chennai,50,Low,0.0,core,Commercial,Low
Bathroom Fittings / Fixtures (L1),jaquar bathroom fittings showroom in chennai,50,Low,0.0,core,Commercial,Low
Bathroom Fittings / Fixtures (L1),johnson bathroom fittings customer care chennai,50,Unknown,0.0,core,Commercial,Low
Bathroom Fittings / Fixtures (L1),bathroom fixtures chennai,0,Unknown,0.0,core,Commercial,Low
Brand Keywords (to map by product relevance),rak ceramics chennai,500,Low,96.69,brands,Commercial,High
Brand Keywords (to map by product relevance),roff,500,High,32.05,brands,Commercial,Medium
Brand Keywords (to map by product relevance),grohe showroom in chennai,50,Low,35.02,brands,Commercial,Medium
Brand Keywords (to map by product relevance),hindware showroom chennai,50,Low,32.51,brands,Commercial,Medium
Brand Keywords (to map by product relevance),hindware dealer in chennai,50,Low,27.82,brands,Commercial,Medium
Brand Keywords (to map by product relevance),hindware dealers in chennai,50,Low,27.82,core,Commercial,Medium
Brand Keywords (to map by product relevance),hindware chennai,50,Medium,23.27,brands,Commercial,Low
Brand Keywords (to map by product relevance),ardex endura chennai,50,Low,0.0,brands,Commercial,Low
Brand Keywords (to map by product relevance),carysil chennai,50,Low,0.0,core,Commercial,Low
Brand Keywords (to map by product relevance),carysil dealers in chennai,50,Low,0.0,brands,Commercial,Low
Brand Keywords (to map by product relevance),carysil showroom in chennai,50,Low,0.0,core,Commercial,Low
Brand Keywords (to map by product relevance),grohe chennai,50,Low,0.0,brands,Commercial,Low
Brand Keywords (to map by product relevance),grohe dealers in chennai,50,Low,0.0,brands,Commercial,Low
Brand Keywords (to map by product relevance),hindware chennai dealers,50,Medium,0.0,brands,Commercial,Low
Brand Keywords (to map by product relevance),hindware showroom in chennai,50,Low,0.0,brands,Commercial,Low
Brand Keywords (to map by product relevance),rak ceramics dealers in chennai,50,Low,0.0,brands,Commercial,Low
Brand Keywords (to map by product relevance),www roff,50,Medium,0.0,brands,Commercial,Low
Brand Keywords (to map by product relevance),american standard chennai,0,Unknown,0.0,brands,Commercial,Low
Brand Keywords (to map by product relevance),dural chennai,0,Unknown,0.0,brands,Commercial,Low
Brand Keywords (to map by product relevance),geco chennai,0,Unknown,0.0,brands,Commercial,Low
Brand Keywords (to map by product relevance),godry chennai,0,Unknown,0.0,brands,Commercial,Low
Brand Keywords (to map by product relevance),roff chennai,0,Unknown,0.0,brands,Commercial,Low
Brand Keywords (to map by product relevance),sao smith,0,Unknown,0.0,brands,Commercial,Low
Brand Keywords (to map by product relevance),watertec chennai,0,Unknown,0.0,brands,Commercial,Low
Sanitaryware (L1),sanitaryware chennai,50,Medium,24.98,core,Commercial,Medium
Sanitaryware (L1),cera sanitaryware dealers in chennai,50,Low,0.0,core,Commercial,Low
Sanitaryware (L1),hindware sanitaryware chennai,50,Medium,0.0,brands,Commercial,Low
Sanitaryware (L1),hindware sanitaryware dealers in chennai,50,Unknown,0.0,core,Commercial,Low
Sanitaryware (L1),parryware sanitaryware dealers in chennai,50,Low,0.0,core,Commercial,Low
Sanitaryware (L1),sanitaryware dealers in chennai,50,Low,0.0,core,Commercial,Low
Sanitaryware (L1),sanitaryware wholesalers in chennai,50,Unknown,0.0,core,Commercial,Low
Sanitaryware (L1),american standard sanitaryware chennai,0,Unknown,0.0,brands,Commercial,Low
Sanitaryware (L1),sanitaryware shop chennai,0,Unknown,0.0,core,Commercial,Low
Sanitaryware (L1),sanitaryware shops in chennai parrys,0,Unknown,0.0,core,Commercial,Low
Sanitaryware (L1),sanitaryware showroom chennai,0,Unknown,0.0,core,Commercial,Low
Sinks (L2),kitchen sink chennai,500,High,21.33,core,Commercial,Medium
Sinks (L2),ao smith water purifier under sink,50,High,22.99,brands,Commercial,Low
Sinks (L2),ao smith under sink water purifier,50,High,22.28,brands,Commercial,Low
Sinks (L2),franke sink dealers in chennai,50,High,14.16,brands,Commercial,Low
Sinks (L2),carysil sink chennai,50,High,5.6,core,Commercial,Medium
Sinks (L2),ao smith ro under sink,50,High,0.0,brands,Commercial,Low
Sinks (L2),ao smith under sink ro,50,Medium,0.0,brands,Commercial,Low
Sinks (L2),carysil sink dealers in chennai,50,Medium,0.0,brands,Commercial,Low
Sinks (L2),carysil sink in chennai,50,Unknown,0.0,core,Commercial,Low
Sinks (L2),carysil sink showroom in chennai,50,High,0.0,core,Commercial,Low
Sinks (L2),franke kitchen sink chennai,50,High,0.0,core,Commercial,Low
Sinks (L2),granite sink for kitchen chennai,50,Medium,0.0,core,Commercial,Low
Sinks (L2),kitchen sink models in chennai,50,High,0.0,core,Commercial,Low
Sinks (L2),kitchen sink models with price in chennai,50,High,0.0,core,Commercial,Low
Sinks (L2),kitchen sink price in chennai,50,High,0.0,core,Commercial,Low
Sinks (L2),kitchen sink shop in chennai,50,High,0.0,core,Commercial,Low
Sinks (L2),nirali sink chennai,50,High,0.0,core,Commercial,Low
Sinks (L2),nirali sink distributors in chennai,50,Unknown,0.0,core,Commercial,Low
Sinks (L2),quartz sink chennai,50,High,0.0,core,Commercial,Low
Sinks (L2),sink price in chennai,50,Unknown,0.0,core,Commercial,Low
Sinks (L2),ss sink manufacturers in chennai,50,High,0.0,core,Commercial,Low
Sinks (L2),ss sink price in chennai,50,High,0.0,core,Commercial,Low
Sinks (L2),stainless steel kitchen sink price in chennai,50,Unknown,0.0,core,Commercial,Low
Sinks (L2),stainless steel sink chennai,50,Medium,0.0,core,Commercial,Low
Sinks (L2),stainless steel sink manufacturers in chennai,50,High,0.0,core,Commercial,Low
Sinks (L2),stainless steel sink price in chennai,50,High,0.0,core,Commercial,Low
Sinks (L2),franke sink chennai,0,Unknown,0.0,brands,Commercial,Low
Taps & Faucets (L2),jaquar taps service centre chennai,50,Unknown,0.0,core,Commercial,Low
Taps & Faucets (L2),metro taps price list in chennai,50,Unknown,0.0,core,Commercial,Low
Taps & Faucets (L2),waterman taps price in chennai,50,High,0.0,core,Commercial,Low
Taps & Faucets (L2),bathroom taps chennai,0,Unknown,0.0,core,Commercial,Low
Taps & Faucets (L2),faucet shop chennai,0,Unknown,0.0,core,Commercial,Low
Taps & Faucets (L2),grohe faucet chennai,0,Unknown,0.0,brands,Commercial,Low
Taps & Faucets (L2),taps and faucets chennai,0,Unknown,0.0,core,Commercial,Low
Taps & Faucets (L2),watertec taps chennai,0,Unknown,0.0,brands,Commercial,Low
Tiles (L1),tile showroom chennai,5000,Low,18.48,core,Commercial,High
Tiles (L1),simpolo tiles chennai,500,Low,66.39,core,Commercial,High
Tiles (L1),kag tiles showroom chennai,500,Low,44.5,core,Commercial,Medium
Tiles (L1),johnson tiles chennai showroom,500,Medium,38.31,core,Commercial,Medium
Tiles (L1),tile laying cost in chennai,500,Low,33.46,core,Commercial,Medium
Tiles (L1),kag tiles chennai,500,Low,28.52,core,Commercial,Medium
Tiles (L1),somany tiles dealers in chennai,500,Low,27.24,core,Commercial,Medium
Tiles (L1),somany tiles showroom chennai,500,Low,27.24,core,Commercial,Medium
Tiles (L1),best tile shop in chennai,500,Low,23.02,core,Commercial,Medium
Tiles (L1),kajaria tiles chennai,500,Low,22.77,core,Commercial,Medium
Tiles (L1),best tiles showroom in chennai,500,Low,20.98,core,Commercial,Medium
Tiles (L1),athangudi tiles chennai,500,High,19.39,core,Commercial,Medium
Tiles (L1),floor tiles chennai,500,Medium,18.25,core,Commercial,Medium
Tiles (L1),tiles chennai,500,Medium,18.25,core,Commercial,Medium
Tiles (L1),chennai tile shop,500,Medium,17.93,core,Commercial,Medium
Tiles (L1),tiles shop in chennai,500,Medium,17.93,core,Commercial,Medium
Tiles (L1),cost of tiles in chennai,500,High,16.52,core,Commercial,Medium
Tiles (L1),tiles price chennai,500,High,16.52,core,Commercial,Medium
Tiles (L1),kajaria tiles showroom chennai,500,Low,15.95,core,Commercial,Medium
Tiles (L1),anuj tiles porur,500,Low,14.76,core,Commercial,Medium
Tiles (L1),top 10 tiles showroom in chennai,500,Low,13.29,core,Commercial,Medium
Tiles (L1),vishnu tiles keelkattalai,500,Low,7.69,core,Commercial,Medium
Tiles (L1),cool roof tiles chennai,500,Low,0.0,core,Commercial,Medium
Tiles (L1),kag tiles showroom vanagaram,500,Low,0.0,core,Commercial,Medium
Tiles (L1),roof cooling tiles price in chennai,50,High,59.24,core,Commercial,Medium
Tiles (L1),johnson tiles dealers in chennai,50,Medium,41.63,core,Commercial,Medium
Tiles (L1),cool roof tiles price in chennai,50,High,38.4,core,Commercial,Medium
Tiles (L1),johnson tiles nungambakkam,50,Low,37.05,core,Commercial,Medium
Tiles (L1),johnson tiles chennai,50,Low,36.4,core,Commercial,Medium
Tiles (L1),kajaria tile dealers in chennai,50,Low,36.29,core,Commercial,Medium
Tiles (L1),wall cladding tiles in chennai,50,High,34.26,core,Commercial,Medium
Tiles (L1),2x2 vitrified tiles price in chennai,50,Low,34.09,core,Commercial,Medium
Tiles (L1),designer tiles chennai,50,High,30.26,core,Informational,Medium
Tiles (L1),tiles wholesale in chennai,50,Medium,29.26,core,Commercial,Medium
Tiles (L1),tiles low price in chennai,50,High,27.89,core,Commercial,Medium
Tiles (L1),kitchen tiles chennai,50,High,26.05,core,Commercial,Medium
Tiles (L1),low price tiles in chennai,50,High,24.8,core,Commercial,Medium
Tiles (L1),somany tiles in chennai,50,Low,24.73,core,Commercial,Medium
Tiles (L1),tiles online shopping chennai,50,High,24.52,core,Commercial,Medium
Tiles (L1),wholesale tiles shop in chennai,50,Medium,23.61,core,Commercial,Medium
Tiles (L1),ceramic tiles chennai,50,Low,21.44,core,Commercial,Medium
Tiles (L1),best tile brands in chennai,50,Low,21.1,core,Informational,Medium
Tiles (L1),kajaria tiles wholesale dealers in chennai,50,Medium,20.69,core,Commercial,Medium
Tiles (L1),best tiles in chennai,50,Medium,18.66,core,Informational,Medium
Tiles (L1),moroccan tiles in chennai,50,High,17.44,core,Commercial,Medium
Tiles (L1),largest tile showroom in chennai,50,Medium,17.14,core,Commercial,Medium
Tiles (L1),cheap tiles in chennai,50,Medium,16.36,core,Commercial,Medium
Tiles (L1),johnson tiles price in chennai,50,High,16.31,core,Commercial,Medium
Tiles (L1),tiles online chennai,50,Medium,16.27,core,Commercial,Medium
Tiles (L1),big tiles showroom in chennai,50,Medium,16.11,core,Commercial,Medium
Tiles (L1),tile gallery chennai,50,Low,14.71,core,Commercial,Medium
Tiles (L1),vitrified tiles price chennai,50,Low,13.77,core,Commercial,Medium
Tiles (L1),vitrified tiles rate in chennai,50,Low,13.77,core,Commercial,Medium
Tiles (L1),orient bell tiles chennai,50,Medium,13.44,core,Commercial,Medium
Tiles (L1),designer tiles in chennai,50,High,12.86,core,Informational,Medium
Tiles (L1),tile boutique egmore,50,Low,12.5,core,Commercial,Medium
Tiles (L1),floor tiles price chennai,50,High,12.43,core,Commercial,Medium
Tiles (L1),flooring tiles price in chennai,50,High,12.43,core,Commercial,Medium
Tiles (L1),bathroom tiles design chennai,50,High,12.2,core,Informational,Medium
Tiles (L1),car parking tiles chennai,50,Medium,12.12,core,Commercial,Medium
Tiles (L1),car parking tiles in chennai,50,Medium,12.12,core,Commercial,Medium
Tiles (L1),mosaic tiles chennai,50,High,12.1,core,Commercial,Medium
Tiles (L1),elevation tiles chennai,50,High,12.08,core,Commercial,Medium
Tiles (L1),bathroom tiles chennai,50,High,11.74,core,Commercial,Medium
Tiles (L1),terrazzo tiles chennai,50,Medium,11.55,core,Commercial,Medium
Tiles (L1),imported tiles in chennai,50,Medium,11.43,core,Commercial,Medium
Tiles (L1),tile boutique chennai,50,Low,11.4,core,Commercial,Medium
Tiles (L1),tiles shop in parrys chennai,50,Medium,11.08,core,Commercial,Medium
Tiles (L1),tiles shop in maduravoyal,50,Medium,11.0,core,Commercial,Medium
Tiles (L1),wall tiles chennai,50,Medium,10.79,core,Commercial,Medium
Tiles (L1),madhavaram tiles shop,50,Medium,10.57,core,Commercial,Medium
Tiles (L1),2x2 floor tiles price in chennai,50,Low,10.44,core,Commercial,Medium
Tiles (L1),athangudi tiles showroom in chennai,50,Medium,10.08,core,Commercial,Medium
Tiles (L1),tiles shop in adyar,50,Medium,9.98,core,Commercial,Medium
Tiles (L1),moroccan tiles chennai,50,High,9.88,core,Commercial,Medium
Tiles (L1),tiles shop vadapalani,50,Low,9.28,core,Commercial,Medium
Tiles (L1),bathroom floor tiles price in chennai,50,High,8.8,core,Commercial,Medium
Tiles (L1),glass mosaic tiles chennai,50,High,8.14,core,Commercial,Medium
Tiles (L1),kajaria tiles showroom egmore,50,Low,8.12,core,Commercial,Medium
Tiles (L1),kajaria tiles showroom anna nagar,50,Low,8.09,core,Commercial,Medium
Tiles (L1),2 * 2 tiles price in chennai,50,Low,0.0,core,Commercial,Low
Tiles (L1),2 x 2 tiles price in chennai,50,Unknown,0.0,core,Commercial,Low
Tiles (L1),3d floor tiles price in chennai,50,Unknown,0.0,core,Commercial,Low
Tiles (L1),3d tiles in chennai,50,High,0.0,core,Commercial,Low
Tiles (L1),3d tiles price in chennai,50,Low,0.0,core,Commercial,Low
Tiles (L1),3d tiles showroom in chennai,50,Unknown,0.0,core,Commercial,Low
Tiles (L1),affa tiles chennai,50,Low,0.0,core,Commercial,Low
Tiles (L1),agl tiles chennai,50,Low,0.0,brands,Commercial,Low
Tiles (L1),agl tiles dealers in chennai,50,Unknown,0.0,core,Commercial,Low
Tiles (L1),agl tiles showroom in chennai,50,Low,0.0,core,Commercial,Low
Tiles (L1),alfa tiles chennai,50,Medium,0.0,core,Commercial,Low
Tiles (L1),andavar tiles madhavaram,50,Low,0.0,core,Commercial,Low
Tiles (L1),anuj cool roof tiles price in chennai,50,Low,0.0,core,Commercial,Low
Tiles (L1),anuj tiles in chennai,50,Low,0.0,core,Commercial,Low
Tiles (L1),anuj tiles porur chennai,50,Low,0.0,core,Commercial,Low
Tiles (L1),anuj tiles showroom in chennai,50,Low,0.0,core,Commercial,Low
Tiles (L1),aravind tiles porur,50,Low,0.0,core,Commercial,Low
Tiles (L1),armstrong ceiling tiles 2x2 price in chennai,50,High,0.0,core,Commercial,Low
Tiles (L1),arun tiles chennai,50,Low,0.0,core,Commercial,Low
Tiles (L1),arvind tiles porur,50,Unknown,0.0,core,Commercial,Low
Tiles (L1),athangudi tiles price in chennai,50,Medium,0.0,core,Commercial,Low
Tiles (L1),athangudi tiles velachery,50,Medium,0.0,core,Commercial,Low
Tiles (L1),av tiles chennai,50,Low,0.0,core,Commercial,Low
Tiles (L1),av tiles kolathur,50,Low,0.0,core,Commercial,Low
Tiles (L1),bathroom floor tiles chennai,50,Low,0.0,core,Commercial,Low
Tiles (L1),bathroom tiles low price in chennai,50,High,0.0,core,Commercial,Low
Tiles (L1),bathroom tiles price chennai,50,High,0.0,core,Commercial,Low
Tiles (L1),bathroom wall tiles price in chennai,50,High,0.0,core,Commercial,Low
Tiles (L1),best bathroom tiles in chennai,50,High,0.0,core,Informational,Low
Tiles (L1),best cool roof tiles in chennai,50,Medium,0.0,core,Informational,Low
Tiles (L1),best floor tiles in chennai,50,Medium,0.0,core,Informational,Low
Tiles (L1),best place to buy tiles in chennai,50,Medium,0.0,core,Informational,Low
Tiles (L1),best tiles for home in chennai,50,Medium,0.0,core,Informational,Low
Tiles (L1),brick tiles chennai,50,High,0.0,core,Commercial,Low
Tiles (L1),buy tiles online chennai,50,High,0.0,core,Commercial,Low
Tiles (L1),car park tiles in chennai,50,High,0.0,core,Commercial,Low
Tiles (L1),car parking tiles price in chennai,50,Low,0.0,core,Commercial,Low
Tiles (L1),carpet tiles chennai,50,Low,0.0,core,Commercial,Low
Tiles (L1),carpet tiles price in chennai,50,Unknown,0.0,core,Commercial,Low
Tiles (L1),cement tiles chennai,50,High,0.0,core,Commercial,Low
Tiles (L1),cera tiles chennai,50,Low,0.0,core,Commercial,Low
Tiles (L1),ceramic floor tiles price in chennai,50,Unknown,0.0,core,Commercial,Low
Tiles (L1),ceramic tiles dealers in chennai,50,Low,0.0,core,Commercial,Low
Tiles (L1),ceramic tiles manufacturers in chennai,50,Unknown,0.0,core,Commercial,Low
Tiles (L1),ceramic tiles price in chennai,50,Medium,0.0,core,Commercial,Low
Tiles (L1),cheap and best tiles in chennai,50,Medium,0.0,core,Informational,Low
Tiles (L1),chennai tiles price list,50,Low,0.0,core,Commercial,Low
Tiles (L1),chettinad tiles in chennai,50,Low,0.0,core,Commercial,Low
Tiles (L1),clay roof tiles chennai,50,High,0.0,core,Commercial,Low
Tiles (L1),clay roof tiles in chennai,50,Medium,0.0,core,Commercial,Low
Tiles (L1),clay roof tiles price in chennai,50,High,0.0,core,Commercial,Low
Tiles (L1),clay tiles in chennai,50,High,0.0,core,Commercial,Low
Tiles (L1),clay tiles price in chennai,50,High,0.0,core,Commercial,Low
Tiles (L1),cooling tiles for terrace price in chennai,50,High,0.0,core,Commercial,Low
Tiles (L1),cooling tiles in chennai,50,Low,0.0,core,Commercial,Low
Tiles (L1),cooling tiles price in chennai,50,High,0.0,core,Commercial,Low
Tiles (L1),cosmo tiles chennai,50,Low,0.0,core,Commercial,Low
Tiles (L1),cost of floor tiles in chennai,50,Low,0.0,core,Commercial,Low
Tiles (L1),cost of vitrified tiles in chennai,50,Medium,0.0,core,Commercial,Low
Tiles (L1),cushion tiles in chennai,50,Low,0.0,core,Commercial,Low
Tiles (L1),elevation tiles price in chennai,50,Low,0.0,core,Commercial,Low
Tiles (L1),essence tiles chennai,50,Unknown,0.0,core,Commercial,Low
Tiles (L1),eurocon tiles chennai,50,Low,0.0,core,Commercial,Low
Tiles (L1),exterior wall tiles chennai,50,Unknown,0.0,core,Commercial,Low
Tiles (L1),floor tiles 2x2 price in chennai,50,Unknown,0.0,core,Commercial,Low
Tiles (L1),floor tiles cost in chennai,50,Low,0.0,core,Commercial,Low
Tiles (L1),floor tiles design in chennai,50,Unknown,0.0,core,Informational,Low
Tiles (L1),floor tiles laying cost in chennai,50,Low,0.0,core,Commercial,Low
Tiles (L1),foam tiles chennai,50,Unknown,0.0,core,Commercial,Low
Tiles (L1),foam tiles for walls chennai,50,High,0.0,core,Commercial,Low
Tiles (L1),foam tiles in chennai,50,Low,0.0,core,Commercial,Low
Tiles (L1),foam wall tiles in chennai,50,Unknown,0.0,core,Commercial,Low
Tiles (L1),front elevation tiles in chennai,50,Unknown,0.0,core,Commercial,Low
Tiles (L1),glass mosaic tiles in chennai,50,Unknown,0.0,core,Commercial,Low
Tiles (L1),god picture tiles in chennai,50,Low,0.0,core,Commercial,Low
Tiles (L1),granite tiles chennai,50,Low,0.0,core,Commercial,Low
Tiles (L1),granite tiles price in chennai,50,Low,0.0,core,Commercial,Low
Tiles (L1),handmade tiles chennai,50,High,0.0,core,Commercial,Low
Tiles (L1),heat resistant terrace tiles price in chennai,50,Unknown,0.0,core,Commercial,Low
Tiles (L1),hindustan tiles chennai,50,Low,0.0,core,Commercial,Low
Tiles (L1),home tiles price in chennai,50,Unknown,0.0,core,Commercial,Low
Tiles (L1),hr johnson tiles chennai,50,Unknown,0.0,core,Commercial,Low
Tiles (L1),igloo tiles price in chennai,50,Low,0.0,core,Commercial,Low
Tiles (L1),ik classiva premium tiles and sanitaryware in kilpauk chennai,50,Low,0.0,core,Commercial,Low
Tiles (L1),indulge tiles chennai,50,Low,0.0,core,Commercial,Low
Tiles (L1),interlocking tiles price in chennai,50,Unknown,0.0,core,Commercial,Low
Tiles (L1),johnson cool roof tiles price in chennai,50,Medium,0.0,core,Commercial,Low
Tiles (L1),kag cooling tiles price in chennai,50,Low,0.0,core,Commercial,Low
Tiles (L1),kag quality tiles vanagaram,50,Low,0.0,core,Commercial,Low
Tiles (L1),kag tiles dealers in chennai,50,Low,0.0,core,Commercial,Low
Tiles (L1),kag tiles in chennai,50,Medium,0.0,core,Commercial,Low
Tiles (L1),kag tiles koyambedu,50,Low,0.0,core,Commercial,Low
Tiles (L1),kag tiles price in chennai,50,Low,0.0,core,Commercial,Low
Tiles (L1),kag tiles price list in chennai,50,Unknown,0.0,core,Commercial,Low
Tiles (L1),kag tiles showroom in chennai,50,Medium,0.0,core,Commercial,Low
Tiles (L1),kag tiles showroom koyambedu,50,Low,0.0,core,Commercial,Low
Tiles (L1),kag tiles showroom maduravoyal,50,Low,0.0,core,Commercial,Low
Tiles (L1),kag tiles showroom pallavaram,50,Low,0.0,core,Commercial,Low
Tiles (L1),kag tiles showroom thiruverkadu,50,Low,0.0,core,Commercial,Low
Tiles (L1),kajaria tiles distributor in chennai,50,Medium,0.0,core,Commercial,Low
Tiles (L1),kajaria tiles egmore,50,Low,0.0,core,Commercial,Low
Tiles (L1),kajaria tiles in chennai,50,Low,0.0,core,Commercial,Low
Tiles (L1),kajaria tiles main dealers in chennai,50,Low,0.0,core,Commercial,Low
Tiles (L1),kajaria tiles price in chennai,50,Low,0.0,core,Commercial,Low
Tiles (L1),kajaria tiles price list in chennai,50,Unknown,0.0,core,Commercial,Low
Tiles (L1),kajaria tiles showroom in egmore,50,Low,0.0,core,Commercial,Low
Tiles (L1),kitchen wall tiles chennai,50,High,0.0,core,Commercial,Low
Tiles (L1),kitchen wall tiles design in chennai,50,Unknown,0.0,core,Informational,Low
Tiles (L1),kitchen wall tiles price in chennai,50,Unknown,0.0,core,Commercial,Low
Tiles (L1),kothari tiles madhavaram,50,Low,0.0,core,Commercial,Low
Tiles (L1),maduravoyal tile shop,50,Medium,0.0,core,Commercial,Low
Tiles (L1),mahaveer tiles vanagaram,50,Low,0.0,core,Commercial,Low
Tiles (L1),mangalore roof tiles chennai,50,Unknown,0.0,core,Commercial,Low
Tiles (L1),mangalore tiles in chennai,50,High,0.0,core,Commercial,Low
Tiles (L1),mangalore tiles price in chennai,50,Low,0.0,core,Commercial,Low
Tiles (L1),marble tiles price in chennai,50,Medium,0.0,core,Commercial,Low
Tiles (L1),marbonite tiles price in chennai,50,Medium,0.0,core,Commercial,Low
Tiles (L1),mosaic tiles price in chennai,50,Low,0.0,core,Commercial,Low
Tiles (L1),natural stone tiles chennai,50,High,0.0,core,Commercial,Low
Tiles (L1),naveen tiles chennai,50,Medium,0.0,core,Commercial,Low
Tiles (L1),naveen tiles poonamallee,50,Low,0.0,core,Commercial,Low
Tiles (L1),nitco tiles chennai,50,Low,0.0,core,Commercial,Low
Tiles (L1),nitco tiles showroom chennai,50,Low,0.0,core,Commercial,Low
Tiles (L1),nuvocotto tiles chennai,50,Low,0.0,core,Commercial,Low
Tiles (L1),orientbell tiles chennai,50,Medium,0.0,core,Commercial,Low
Tiles (L1),orientbell tiles showroom in chennai,50,Low,0.0,core,Commercial,Low
Tiles (L1),osiyano tiles madhavaram chennai,50,Low,0.0,core,Commercial,Low
Tiles (L1),parking tiles chennai,50,Low,0.0,core,Commercial,Low
Tiles (L1),parking tiles price in chennai,50,Low,0.0,core,Commercial,Low
Tiles (L1),porcelain tiles in chennai,50,Unknown,0.0,core,Commercial,Low
Tiles (L1),porcelain tiles price in chennai,50,Low,0.0,core,Commercial,Low
Tiles (L1),porur anuj tiles,50,Low,0.0,core,Commercial,Low
Tiles (L1),porur tiles shop,50,Low,0.0,core,Commercial,Low
Tiles (L1),quality tiles vanagaram,50,Low,0.0,core,Commercial,Low
Tiles (L1),qutone tiles chennai,50,Low,0.0,core,Commercial,Low
Tiles (L1),rajan tiles porur,50,Low,0.0,core,Commercial,Low
Tiles (L1),rak tiles chennai,50,Low,0.0,brands,Commercial,Low
Tiles (L1),rak tiles dealers in chennai,50,Medium,0.0,brands,Commercial,Low
Tiles (L1),rak tiles showroom in chennai,50,Low,0.0,core,Commercial,Low
Tiles (L1),roof cooling tiles in chennai,50,Medium,0.0,core,Commercial,Low
Tiles (L1),roof tiles chennai,50,High,0.0,core,Commercial,Low
Tiles (L1),roof tiles price in chennai,50,High,0.0,core,Commercial,Low
Tiles (L1),sanjay tiles ambattur,50,Unknown,0.0,core,Commercial,Low
Tiles (L1),second hand tiles for sale in chennai,50,Medium,0.0,core,Commercial,Low
Tiles (L1),smart cushion tiles chennai,50,Low,0.0,core,Commercial,Low
Tiles (L1),smart cushion tiles chennai address,50,Unknown,0.0,core,Commercial,Low
Tiles (L1),smart cushion tiles in chennai,50,Low,0.0,core,Commercial,Low
Tiles (L1),somany tiles anna nagar,50,Medium,0.0,core,Commercial,Low
Tiles (L1),somany tiles price in chennai,50,High,0.0,core,Commercial,Low
Tiles (L1),sparrow tiles chennai,50,Medium,0.0,core,Commercial,Low
Tiles (L1),sparrow tiles madhavaram,50,Low,0.0,core,Commercial,Low
Tiles (L1),sparrow tiles price in chennai,50,Low,0.0,core,Commercial,Low
Tiles (L1),staircase tiles chennai,50,Low,0.0,core,Commercial,Low
Tiles (L1),staircase tiles in chennai,50,Low,0.0,core,Commercial,Low
Tiles (L1),staircase tiles price in chennai,50,Low,0.0,core,Commercial,Low
Tiles (L1),step tiles price in chennai,50,Low,0.0,core,Commercial,Low
Tiles (L1),sunheart tiles chennai,50,Low,0.0,core,Commercial,Low
Tiles (L1),swastik tiles madhavaram,50,Low,0.0,core,Commercial,Low
Tiles (L1),swastik tiles medavakkam,50,Low,0.0,core,Commercial,Low
Tiles (L1),swimming pool tiles in chennai,50,Unknown,0.0,core,Commercial,Low
Tiles (L1),swimming pool tiles price in chennai,50,Unknown,0.0,core,Commercial,Low
Tiles (L1),terrace tiles in chennai,50,Low,0.0,core,Commercial,Low
Tiles (L1),terrace tiles price in chennai,50,High,0.0,core,Commercial,Low
Tiles (L1),terracotta floor tiles chennai,50,High,0.0,core,Commercial,Low
Tiles (L1),terracotta floor tiles price in chennai,50,Low,0.0,core,Commercial,Low
Tiles (L1),terracotta roof tiles price in chennai,50,Medium,0.0,core,Commercial,Low
Tiles (L1),terracotta tiles chennai,50,Medium,0.0,core,Commercial,Low
Tiles (L1),terracotta tiles price in chennai,50,High,0.0,core,Commercial,Low
Tiles (L1),the tile boutique best tile dealers in chennai,50,Unknown,0.0,core,Informational,Low
Tiles (L1),the tile boutique chennai,50,Medium,0.0,core,Commercial,Low
Tiles (L1),the tile store chennai,50,Low,0.0,core,Commercial,Low
Tiles (L1),the tile store vanagaram,50,Low,0.0,core,Commercial,Low
Tiles (L1),tile brands in chennai,50,Low,0.0,core,Commercial,Low
Tiles (L1),tile house chennai,50,Low,0.0,core,Commercial,Low
Tiles (L1),tile house vadapalani chennai,50,Low,0.0,core,Commercial,Low
Tiles (L1),tile laying cost chennai,50,Low,0.0,core,Commercial,Low
Tiles (L1),tile shops in vadapalani,50,Low,0.0,core,Commercial,Low
Tiles (L1),tile shops in velachery,50,Unknown,0.0,core,Commercial,Low
Tiles (L1),tile store vanagaram,50,Low,0.0,core,Commercial,Low
Tiles (L1),tiles 2x2 price in chennai,50,Unknown,0.0,core,Commercial,Low
Tiles (L1),tiles cheapest price in chennai,50,Unknown,0.0,core,Commercial,Low
Tiles (L1),tiles cost per square feet in chennai,50,Low,0.0,core,Commercial,Low
Tiles (L1),tiles design and price in chennai,50,Unknown,0.0,core,Commercial,Low
Tiles (L1),tiles design chennai,50,Low,0.0,core,Informational,Low
Tiles (L1),tiles design in chennai,50,Low,0.0,core,Informational,Low
Tiles (L1),tiles fixing charges in chennai,50,Low,0.0,core,Commercial,Low
Tiles (L1),tiles fixing price in chennai,50,Unknown,0.0,core,Commercial,Low
Tiles (L1),tiles flooring cost in chennai,50,Unknown,0.0,core,Commercial,Low
Tiles (L1),tiles laying charges in chennai,50,Low,0.0,core,Commercial,Low
Tiles (L1),tiles laying in chennai,50,Low,0.0,core,Commercial,Low
Tiles (L1),tiles price in chennai and pondicherry,50,Unknown,0.0,core,Commercial,Low
Tiles (L1),tiles shop in ambattur,50,Medium,0.0,core,Commercial,Low
Tiles (L1),tiles shop in anna nagar,50,Medium,0.0,core,Commercial,Low
Tiles (L1),tiles shop in chrompet,50,Medium,0.0,core,Commercial,Low
Tiles (L1),tiles shop in koyambedu,50,Medium,0.0,core,Commercial,Low
Tiles (L1),tiles shop in medavakkam,50,Medium,0.0,core,Commercial,Low
Tiles (L1),tiles shop in mylapore,50,Medium,0.0,core,Commercial,Low
Tiles (L1),tiles shop in pallavaram,50,Medium,0.0,core,Commercial,Low
Tiles (L1),tiles shop in porur,50,Low,0.0,core,Commercial,Low
Tiles (L1),tiles shop in tambaram,50,Low,0.0,core,Commercial,Low
Tiles (L1),tiles shop in vanagaram,50,Low,0.0,core,Commercial,Low
Tiles (L1),tiles shop in velachery,50,Medium,0.0,core,Commercial,Low
Tiles (L1),tiles shop velachery,50,Medium,0.0,core,Commercial,Low
Tiles (L1),tiles showroom in anna nagar chennai,50,Medium,0.0,core,Commercial,Low
Tiles (L1),tiles showroom in madhavaram,50,Low,0.0,core,Commercial,Low
Tiles (L1),tiles showroom in maduravoyal,50,Low,0.0,core,Commercial,Low
Tiles (L1),tiles showroom in pallavaram,50,Low,0.0,core,Commercial,Low
Tiles (L1),tiles showroom in tambaram,50,Low,0.0,core,Commercial,Low
Tiles (L1),tiles showroom in vadapalani,50,Medium,0.0,core,Commercial,Low
Tiles (L1),tiles showroom in velachery,50,Low,0.0,core,Commercial,Low
Tiles (L1),tiles wholesale chennai,50,Medium,0.0,core,Commercial,Low
Tiles (L1),tiles wholesale dealers in chennai,50,High,0.0,core,Commercial,Low
Tiles (L1),tiles wholesale shop in chennai,50,Medium,0.0,core,Commercial,Low
Tiles (L1),triangle tiles chennai,50,Unknown,0.0,core,Commercial,Low
Tiles (L1),ultra tiles ashok nagar,50,Unknown,0.0,core,Commercial,Low
Tiles (L1),ultra tiles chennai,50,Low,0.0,core,Commercial,Low
Tiles (L1),used tiles for sale in chennai,50,Low,0.0,core,Commercial,Low
Tiles (L1),vadapalani tiles shop,50,Medium,0.0,core,Commercial,Low
Tiles (L1),vanagaram tiles shop,50,Low,0.0,core,Commercial,Low
Tiles (L1),varmora tiles showroom in chennai,50,Unknown,0.0,core,Commercial,Low
Tiles (L1),vishnu tiles madipakkam,50,Low,0.0,core,Commercial,Low
Tiles (L1),vitrified floor tiles price in chennai,50,Low,0.0,core,Commercial,Low
Tiles (L1),vitrified tiles chennai,50,Medium,0.0,core,Commercial,Low
Tiles (L1),vsp tiles chromepet,50,Low,0.0,core,Commercial,Low
Tiles (L1),wall tiles price in chennai,50,Medium,0.0,core,Commercial,Low
Tiles (L1),water tank tiles price in chennai,50,Unknown,0.0,core,Commercial,Low
Tiles (L1),weather proof tiles for terrace in chennai,50,Unknown,0.0,core,Commercial,Low
Tiles (L1),weather proof tiles for terrace price in chennai,50,Medium,0.0,core,Commercial,Low
Tiles (L1),weather proof tiles price in chennai,50,Medium,0.0,core,Commercial,Low
Tiles (L1),weathering course tiles price in chennai,50,Low,0.0,core,Commercial,Low
Tiles (L1),weathering tiles in chennai,50,Low,0.0,core,Commercial,Low
Tiles (L1),weathering tiles price in chennai,50,Low,0.0,core,Commercial,Low
Tiles (L1),wooden floor tiles price in chennai,50,High,0.0,core,Commercial,Low
Tiles (L1),wooden tiles price in chennai,50,Unknown,0.0,core,Commercial,Low
Tiles (L1),yakura foam tiles chennai,50,Low,0.0,core,Commercial,Low
Tiles (L1),ceramic wall tiles chennai,0,Unknown,0.0,core,Commercial,Low
Tiles (L1),crystal ceramic tiles chennai,0,Unknown,0.0,brands,Commercial,Low
Tiles (L1),double charge vitrified tiles price in chennai,0,Unknown,0.0,core,Commercial,Low
Tiles (L1),foam tiles price in chennai,0,Unknown,0.0,core,Commercial,Low
Tiles (L1),kajaria tiles egmore chennai tamil nadu,0,Unknown,0.0,core,Commercial,Low
Tiles (L1),natural stone tiles price in chennai,0,Unknown,0.0,core,Commercial,Low
Tiles (L1),roff tile adhesive chennai,0,Unknown,0.0,brands,Commercial,Low
Tiles (L1),vitrified tiles shop chennai,0,Unknown,0.0,core,Commercial,Low
Tiles (L1),wall foam tiles in chennai,0,Unknown,0.0,core,Commercial,Low
Toilets and Water Closets (L2),western toilet price chennai,500,High,29.32,core,Commercial,Medium
Toilets and Water Closets (L2),cera western toilet price in chennai,50,Unknown,0.0,core,Commercial,Low
Toilets and Water Closets (L2),hindustan western toilet price in chennai,50,Unknown,0.0,core,Commercial,Low
Toilets and Water Closets (L2),hindware western toilet price in chennai,50,Low,0.0,core,Commercial,Low
Toilets and Water Closets (L2),jaquar western toilet price in chennai,50,Low,0.0,core,Commercial,Low
Toilets and Water Closets (L2),johnson western toilet price in chennai,50,Low,0.0,core,Commercial,Low
Toilets and Water Closets (L2),parryware western toilet price chennai,50,Medium,0.0,core,Commercial,Low
Toilets and Water Closets (L2),parryware western toilet price in chennai,50,Medium,0.0,core,Commercial,Low
Toilets and Water Closets (L2),parryware western toilet price list in chennai,50,High,0.0,core,Commercial,Low
Toilets and Water Closets (L2),price of western toilet in chennai,50,Low,0.0,core,Commercial,Low
Toilets and Water Closets (L2),toilet closet price in chennai,50,Medium,0.0,core,Commercial,Low
Toilets and Water Closets (L2),wall mounted western toilet price in chennai,50,High,0.0,core,Commercial,Low
Toilets and Water Closets (L2),western commode price in chennai,50,High,0.0,core,Commercial,Low
Toilets and Water Closets (L2),western toilet basin price in chennai,50,High,0.0,core,Commercial,Low
Toilets and Water Closets (L2),western toilet brands in chennai,50,High,0.0,core,Commercial,Low
Toilets and Water Closets (L2),western toilet chennai,50,High,0.0,core,Commercial,Low
Toilets and Water Closets (L2),western toilet closet price in chennai,50,High,0.0,core,Commercial,Low
Toilets and Water Closets (L2),western toilet low price in chennai,50,Unknown,0.0,core,Commercial,Low
Toilets and Water Closets (L2),western toilet price list in chennai,50,High,0.0,core,Commercial,Low
Toilets and Water Closets (L2),western toilet rate in chennai,50,High,0.0,core,Commercial,Low
Toilets and Water Closets (L2),western toilet seat price in chennai,50,High,0.0,core,Commercial,Low
Toilets and Water Closets (L2),toilet commode chennai,0,Unknown,0.0,core,Commercial,Low
Toilets and Water Closets (L2),water closet chennai,0,Unknown,0.0,core,Commercial,Low
Wash Basins (L2),designer wash basin chennai,50,High,47.07,core,Informational,Medium
Wash Basins (L2),wash basin chennai,50,High,25.48,core,Commercial,Medium
Wash Basins (L2),wash basin price in chennai,50,High,18.3,core,Commercial,Medium
Wash Basins (L2),designer wash basin in chennai,50,Medium,0.0,core,Informational,Low
Wash Basins (L2),parryware wash basin price in chennai,50,High,0.0,core,Commercial,Low
Wash Basins (L2),stainless steel wash basin price in chennai,50,Unknown,0.0,core,Commercial,Low
Wash Basins (L2),wash basin models and price in chennai,50,High,0.0,core,Commercial,Low
Wash Basins (L2),wash basin models in chennai,50,High,0.0,core,Commercial,Low
Wash Basins (L2),wash basin price chennai,50,Unknown,0.0,core,Commercial,Low
Wash Basins (L2),wash basin shop in chennai,50,High,0.0,core,Commercial,Low
Wash Basins (L2),bathroom wash basin chennai,0,Unknown,0.0,core,Commercial,Low
Wash Basins (L2),wash basin showroom chennai,0,Unknown,0.0,core,Commercial,Low
Water Heaters (L2),ao smith ro purifier,5000,High,43.75,brands,Commercial,High
Water Heaters (L2),ao smith water purifier,5000,High,43.75,brands,Commercial,High
Water Heaters (L2),ao smith hot water,5000,High,16.6,brands,Commercial,High
Water Heaters (L2),ao smith water geyser,5000,High,16.6,brands,Commercial,High
Water Heaters (L2),ao smith water heater,5000,High,16.6,brands,Commercial,High
Water Heaters (L2),ao smith water heater company,5000,High,16.6,brands,Commercial,High
Water Heaters (L2),aosmith water heater,5000,High,16.6,brands,Commercial,High
Water Heaters (L2),ao smith,500,Medium,57.67,brands,Commercial,Medium
Water Heaters (L2),ao smith ao smith,500,Medium,57.67,brands,Commercial,Medium
Water Heaters (L2),ao smith geyser,500,High,15.16,brands,Commercial,Medium
Water Heaters (L2),racold chennai,50,Medium,95.49,brands,Commercial,Medium
Water Heaters (L2),racold water heater service centre in chennai,50,Medium,91.98,brands,Commercial,Medium
Water Heaters (L2),ao smith water heater repair near me,50,High,91.71,brands,Commercial,Medium
Water Heaters (L2),racold water heater service chennai,50,High,91.71,brands,Commercial,Medium
Water Heaters (L2),racold service center chennai,50,Medium,91.33,brands,Commercial,Medium
Water Heaters (L2),racold service chennai,50,High,90.25,brands,Commercial,Medium
Water Heaters (L2),racold water heater service center chennai,50,High,87.13,brands,Commercial,Medium
Water Heaters (L2),racold water heater service center in chennai,50,High,87.13,brands,Commercial,Medium
Water Heaters (L2),ao smith z9,50,High,48.91,brands,Commercial,Medium
Water Heaters (L2),ao smith ro water purifier,50,High,41.99,brands,Commercial,Medium
Water Heaters (L2),ro water purifier ao smith,50,High,41.99,brands,Commercial,Medium
Water Heaters (L2),racold water heater chennai,50,High,34.07,brands,Commercial,Medium
Water Heaters (L2),ao smith water heater installation,50,Low,28.19,brands,Commercial,Medium
Water Heaters (L2),ao smith water purifier z9,50,High,25.72,brands,Commercial,Medium
Water Heaters (L2),ao smith z9 water purifier,50,High,25.72,brands,Commercial,Medium
Water Heaters (L2),ao smith ro,50,High,24.87,brands,Commercial,Low
Water Heaters (L2),ao smith water purifier p4,50,High,22.99,brands,Commercial,Low
Water Heaters (L2),ao smith p6,50,High,21.53,brands,Commercial,Low
Water Heaters (L2),ao smith water purifier with hot water,50,High,20.64,brands,Commercial,Low
Water Heaters (L2),ao smith water purifier p5,50,High,19.79,brands,Commercial,Low
Water Heaters (L2),ao smith 6 litre water heater price,50,High,19.27,brands,Commercial,Low
Water Heaters (L2),a ao smith water heater,50,High,18.1,brands,Commercial,Low
Water Heaters (L2),ao smith finesse 10 litre geyser,50,High,17.99,brands,Commercial,Low
Water Heaters (L2),ao smith geyser 25 ltr,50,High,17.71,brands,Commercial,Low
Water Heaters (L2),racold water heater dealers in chennai,50,Medium,17.51,brands,Commercial,Low
Water Heaters (L2),ao smith sds green,50,High,16.86,brands,Commercial,Low
Water Heaters (L2),os smith water heater,50,High,16.55,brands,Commercial,Low
Water Heaters (L2),smith water geyser,50,High,16.55,brands,Commercial,Low
Water Heaters (L2),smith water heater,50,High,16.55,brands,Commercial,Low
Water Heaters (L2),smith water heater price,50,High,16.14,brands,Commercial,Low
Water Heaters (L2),finesse ao smith,50,High,16.01,brands,Commercial,Low
Water Heaters (L2),ao smith 15 litre geyser price,50,High,15.26,brands,Commercial,Low
Water Heaters (L2),ao smith 25 litre geyser,50,High,15.0,brands,Commercial,Low
Water Heaters (L2),ao smith 25l geyser,50,High,15.0,brands,Commercial,Low
Water Heaters (L2),ao smith sgs green,50,High,14.37,brands,Commercial,Low
Water Heaters (L2),ao smith 15 litre,50,High,14.22,brands,Commercial,Low
Water Heaters (L2),ao smith water heater 10 litres price,50,High,13.79,brands,Commercial,Low
Water Heaters (L2),ao smith hot water tank prices,50,High,13.24,brands,Commercial,Low
Water Heaters (L2),ao smith instant water heater,50,High,13.24,brands,Commercial,Low
Water Heaters (L2),ao smith instantaneous water heater,50,High,13.24,brands,Commercial,Low
Water Heaters (L2),ao smith minibot,50,High,13.24,brands,Commercial,Low
Water Heaters (L2),ao smith tankless,50,High,13.24,brands,Commercial,Low
Water Heaters (L2),ao smith tankless heater,50,High,13.24,brands,Commercial,Low
Water Heaters (L2),ao smith tankless hot water heater,50,High,13.24,brands,Commercial,Low
Water Heaters (L2),ao smith tankless water heater,50,High,13.24,brands,Commercial,Low
Water Heaters (L2),ao smith water heater prices,50,High,13.24,brands,Commercial,Low
Water Heaters (L2),ao smith elegance slim,50,High,13.22,brands,Commercial,Low
Water Heaters (L2),ao smith water heater instant,50,High,13.22,brands,Commercial,Low
Water Heaters (L2),ao smith geyser 25 ltr price,50,High,13.09,brands,Commercial,Low
Water Heaters (L2),ao smith water heater 5 litre price,50,High,12.89,brands,Commercial,Low
Water Heaters (L2),ao smith finesse 10 ltr,50,High,12.69,brands,Commercial,Low
Water Heaters (L2),ao smith xpress 25 litre geyser,50,High,12.43,brands,Commercial,Low
Water Heaters (L2),smith geyser,50,High,12.4,brands,Commercial,Low
Water Heaters (L2),ao smith geyser 15 ltr price,50,High,11.8,brands,Commercial,Low
Water Heaters (L2),ao smith instant geyser,50,High,11.72,brands,Commercial,Low
Water Heaters (L2),ao smith water heater 15 litres price,50,High,11.72,brands,Commercial,Low
Water Heaters (L2),ao smith minibot 3 ltr geyser,50,High,11.37,brands,Commercial,Low
Water Heaters (L2),ao smith 10 litre geyser,50,High,11.36,brands,Commercial,Low
Water Heaters (L2),ao smith 10 ltr geyser,50,High,11.36,brands,Commercial,Low
Water Heaters (L2),ao smith 15 litre geyser,50,High,11.36,brands,Commercial,Low
Water Heaters (L2),ao smith 3 litre geyser,50,High,11.36,brands,Commercial,Low
Water Heaters (L2),ao smith 3l geyser,50,High,11.36,brands,Commercial,Low
Water Heaters (L2),ao smith geyser 15 ltr,50,High,10.51,brands,Commercial,Low
Water Heaters (L2),ao smith finesse 25 ltr,50,High,10.06,brands,Commercial,Low
Water Heaters (L2),ao smith 5 litre geyser,50,High,9.97,brands,Commercial,Low
Water Heaters (L2),ao smith express 15 litre geyser,50,High,9.86,brands,Commercial,Low
Water Heaters (L2),ao smith finesse 15 litre geyser,50,High,9.59,brands,Commercial,Low
Water Heaters (L2),ao smith water heater 3 litre price,50,High,9.57,brands,Commercial,Low
Water Heaters (L2),ao smith geyser price,50,High,9.1,brands,Commercial,Low
Water Heaters (L2),ao smith express 10 litre geyser,50,High,8.91,brands,Commercial,Low
Water Heaters (L2),ao smith finesse 10 litre,50,High,8.91,brands,Commercial,Low
Water Heaters (L2),ao smith finesse 10l,50,High,8.91,brands,Commercial,Low
Water Heaters (L2),ao smith storage water heater,50,High,8.91,brands,Commercial,Low
Water Heaters (L2),ao smith geyser 10 ltr price,50,High,7.23,brands,Commercial,Low
Water Heaters (L2),ao smith finesse,50,High,6.24,brands,Commercial,Low
Water Heaters (L2),ao smith heater,50,High,3.58,brands,Commercial,Low
Water Heaters (L2),ao smith ews 3,50,High,2.34,brands,Commercial,Low
Water Heaters (L2),ao smith proplanet p6,50,High,1.45,brands,Commercial,Low
Water Heaters (L2),ao smith water heater 3 litre,50,High,1.06,brands,Commercial,Low
Water Heaters (L2),15 litre geyser ao smith,50,Medium,0.0,brands,Commercial,Low
Water Heaters (L2),25 litre ao smith geyser,50,High,0.0,brands,Commercial,Low
Water Heaters (L2),25 litre geyser ao smith,50,High,0.0,brands,Commercial,Low
Water Heaters (L2),a smith geyser,50,High,0.0,brands,Commercial,Low
Water Heaters (L2),a smith water heater,50,High,0.0,brands,Commercial,Low
Water Heaters (L2),a0 smith water heater,50,High,0.0,brands,Commercial,Low
Water Heaters (L2),aerosmith hot water heater,50,Unknown,0.0,brands,Commercial,Low
Water Heaters (L2),amazon ao smith geyser,50,High,0.0,brands,Commercial,Low
Water Heaters (L2),ao geyser,50,High,0.0,brands,Commercial,Low
Water Heaters (L2),ao smith 10 litre geyser finesse,50,High,0.0,brands,Commercial,Low
Water Heaters (L2),ao smith 10 litre geyser price,50,High,0.0,brands,Commercial,Low
Water Heaters (L2),ao smith 10 litre water heater,50,High,0.0,brands,Commercial,Low
Water Heaters (L2),ao smith 15 l storage water geyser,50,Unknown,0.0,brands,Commercial,Low
Water Heaters (L2),ao smith 15 litre geyser finesse,50,High,0.0,brands,Commercial,Low
Water Heaters (L2),ao smith 15 litre water heater,50,High,0.0,brands,Commercial,Low
Water Heaters (L2),ao smith 20 litre geyser,50,Unknown,0.0,brands,Commercial,Low
Water Heaters (L2),ao smith 25 litre,50,High,0.0,brands,Commercial,Low
Water Heaters (L2),ao smith 25 litre geyser finesse,50,High,0.0,brands,Commercial,Low
Water Heaters (L2),ao smith 25 litre geyser heating time,50,Low,0.0,brands,Commercial,Low
Water Heaters (L2),ao smith 25 litre geyser price,50,High,0.0,brands,Commercial,Low
Water Heaters (L2),ao smith 25 litre water heater,50,High,0.0,brands,Commercial,Low
Water Heaters (L2),ao smith 25 ltr,50,High,0.0,brands,Commercial,Low
Water Heaters (L2),ao smith 3 l instant water geyser,50,Unknown,0.0,brands,Commercial,Low
Water Heaters (L2),ao smith 3 litre geyser minibot,50,Unknown,0.0,brands,Commercial,Low
Water Heaters (L2),ao smith 3 litre geyser price,50,Unknown,0.0,brands,Commercial,Low
Water Heaters (L2),ao smith 3 litre instant geyser,50,Unknown,0.0,brands,Commercial,Low
Water Heaters (L2),ao smith 3 ltr,50,High,0.0,brands,Commercial,Low
Water Heaters (L2),ao smith 3 ltr instant geyser,50,Unknown,0.0,brands,Commercial,Low
Water Heaters (L2),ao smith 300 litre heat pump price,50,Unknown,0.0,brands,Commercial,Low
Water Heaters (L2),ao smith 35 litre geyser,50,Unknown,0.0,brands,Commercial,Low
Water Heaters (L2),ao smith 5 litre geyser price,50,High,0.0,brands,Commercial,Low
Water Heaters (L2),ao smith 5 star geyser,50,High,0.0,brands,Commercial,Low
Water Heaters (L2),ao smith 6 litre geyser,50,High,0.0,brands,Commercial,Low
Water Heaters (L2),ao smith 6 litre geyser price,50,High,0.0,brands,Commercial,Low
Water Heaters (L2),ao smith 70 litre geyser,50,Unknown,0.0,brands,Commercial,Low
Water Heaters (L2),ao smith ac,50,Unknown,0.0,brands,Commercial,Low
Water Heaters (L2),ao smith air conditioner,50,Unknown,0.0,brands,Commercial,Low
Water Heaters (L2),ao smith air purifier,50,Unknown,0.0,brands,Commercial,Low
Water Heaters (L2),ao smith alkaline water purifier,50,High,0.0,brands,Commercial,Low
Water Heaters (L2),ao smith amazon,50,Unknown,0.0,brands,Commercial,Low
Water Heaters (L2),ao smith aqua air water system tank,50,Unknown,0.0,brands,Commercial,Low
Water Heaters (L2),ao smith authorized dealers,50,Unknown,0.0,brands,Commercial,Low
Water Heaters (L2),ao smith best geyser,50,High,0.0,brands,Informational,Low
Water Heaters (L2),ao smith best water purifier,50,Unknown,0.0,brands,Informational,Low
Water Heaters (L2),ao smith bladder tank,50,Unknown,0.0,brands,Commercial,Low
Water Heaters (L2),ao smith booster pump,50,Low,0.0,brands,Commercial,Low
Water Heaters (L2),ao smith booster pump price,50,Unknown,0.0,brands,Commercial,Low
Water Heaters (L2),ao smith brand,50,Medium,0.0,brands,Commercial,Low
Water Heaters (L2),ao smith bth150,50,Unknown,0.0,brands,Commercial,Low
Water Heaters (L2),ao smith c2va 120e,50,Unknown,0.0,brands,Commercial,Low
Water Heaters (L2),ao smith ceo,50,Unknown,0.0,brands,Commercial,Low
Water Heaters (L2),ao smith com,50,Unknown,0.0,brands,Commercial,Low
Water Heaters (L2),ao smith company,50,Low,0.0,brands,Commercial,Low
Water Heaters (L2),ao smith copper water purifier,50,Unknown,0.0,brands,Commercial,Low
Water Heaters (L2),ao smith corp,50,Low,0.0,brands,Commercial,Low
Water Heaters (L2),ao smith corporation,50,Low,0.0,brands,Commercial,Low
Water Heaters (L2),ao smith dealers,50,Medium,0.0,brands,Commercial,Low
Water Heaters (L2),ao smith dealers near me,50,Low,0.0,brands,Commercial,Low
Water Heaters (L2),ao smith del20,50,Unknown,0.0,brands,Commercial,Low
Water Heaters (L2),ao smith del6,50,Unknown,0.0,brands,Commercial,Low
Water Heaters (L2),ao smith den40,50,Unknown,0.0,brands,Commercial,Low
Water Heaters (L2),ao smith digital geyser,50,Unknown,0.0,brands,Commercial,Low
Water Heaters (L2),ao smith digital water heater,50,Low,0.0,brands,Commercial,Low
Water Heaters (L2),ao smith distributors,50,Medium,0.0,brands,Commercial,Low
Water Heaters (L2),ao smith distributors near me,50,Low,0.0,brands,Commercial,Low
Water Heaters (L2),ao smith electric,50,Unknown,0.0,brands,Commercial,Low
Water Heaters (L2),ao smith electric geyser,50,High,0.0,brands,Commercial,Low
Water Heaters (L2),ao smith electric hot water heater,50,High,0.0,brands,Commercial,Low
Water Heaters (L2),ao smith electric tankless water heater,50,Unknown,0.0,brands,Commercial,Low
Water Heaters (L2),ao smith electric water heater,50,High,0.0,brands,Commercial,Low
Water Heaters (L2),ao smith electric water heater sizes,50,Unknown,0.0,brands,Commercial,Low
Water Heaters (L2),ao smith electric water heater thermostat,50,Unknown,0.0,brands,Commercial,Low
Water Heaters (L2),ao smith elegance,50,High,0.0,brands,Commercial,Low
Water Heaters (L2),ao smith elegance 15 litre geyser,50,High,0.0,brands,Commercial,Low
Water Heaters (L2),ao smith elegance 15l,50,Unknown,0.0,brands,Commercial,Low
Water Heaters (L2),ao smith elegance 25 litre geyser,50,Unknown,0.0,brands,Commercial,Low
Water Heaters (L2),ao smith elegance geyser,50,High,0.0,brands,Commercial,Low
Water Heaters (L2),ao smith elegance slim 15 litre geyser,50,High,0.0,brands,Commercial,Low
Water Heaters (L2),ao smith elegance slim 15 ltr,50,High,0.0,brands,Commercial,Low
Water Heaters (L2),ao smith elegance water heater,50,High,0.0,brands,Commercial,Low
Water Heaters (L2),ao smith energy saver water heater,50,Unknown,0.0,brands,Commercial,Low
Water Heaters (L2),ao smith enterprises,50,Unknown,0.0,brands,Commercial,Low
Water Heaters (L2),ao smith enterprises ltd,50,Unknown,0.0,brands,Commercial,Low
Water Heaters (L2),ao smith ews,50,High,0.0,brands,Commercial,Low
Water Heaters (L2),ao smith ews 3l,50,Unknown,0.0,brands,Commercial,Low
Water Heaters (L2),ao smith exhaust fan,50,Unknown,0.0,brands,Commercial,Low
Water Heaters (L2),ao smith express,50,High,0.0,brands,Commercial,Low
Water Heaters (L2),ao smith f9,50,Unknown,0.0,brands,Commercial,Low
Water Heaters (L2),ao smith fan,50,Unknown,0.0,brands,Commercial,Low
Water Heaters (L2),ao smith finesse 10 ltr price,50,High,0.0,brands,Commercial,Low
Water Heaters (L2),ao smith finesse 15 litre,50,High,0.0,brands,Commercial,Low
Water Heaters (L2),ao smith finesse 15 ltr,50,High,0.0,brands,Commercial,Low
Water Heaters (L2),ao smith finesse 15 ltr price,50,High,0.0,brands,Commercial,Low
Water Heaters (L2),ao smith finesse 15l,50,High,0.0,brands,Commercial,Low
Water Heaters (L2),ao smith finesse 25 litre geyser,50,High,0.0,brands,Commercial,Low
Water Heaters (L2),ao smith finesse 25 ltr price,50,High,0.0,brands,Commercial,Low
Water Heaters (L2),ao smith finesse 6 litre,50,High,0.0,brands,Commercial,Low
Water Heaters (L2),ao smith finesse 6 ltr price,50,High,0.0,brands,Commercial,Low
Water Heaters (L2),ao smith finesse 6ltr,50,Unknown,0.0,brands,Commercial,Low
Water Heaters (L2),ao smith finesse geyser,50,High,0.0,brands,Commercial,Low
Water Heaters (L2),ao smith finesse water heater,50,High,0.0,brands,Commercial,Low
Water Heaters (L2),ao smith gas geyser,50,High,0.0,brands,Commercial,Low
Water Heaters (L2),ao smith gas geyser price,50,Unknown,0.0,brands,Commercial,Low
Water Heaters (L2),ao smith gas heater,50,Unknown,0.0,brands,Commercial,Low
Water Heaters (L2),ao smith gas hot water heater,50,High,0.0,brands,Commercial,Low
Water Heaters (L2),ao smith gas water heater,50,High,0.0,brands,Commercial,Low
Water Heaters (L2),ao smith gas water heater installation,50,Unknown,0.0,brands,Commercial,Low
Water Heaters (L2),ao smith geyser 10 ltr price 5 star,50,High,0.0,brands,Commercial,Low
Water Heaters (L2),ao smith geyser 15 ltr finesse,50,Unknown,0.0,brands,Commercial,Low
Water Heaters (L2),ao smith geyser 15 ltr flipkart,50,Unknown,0.0,brands,Commercial,Low
Water Heaters (L2),ao smith geyser 15 ltr installation,50,Unknown,0.0,brands,Commercial,Low
Water Heaters (L2),ao smith geyser 15 ltr price 5 star,50,High,0.0,brands,Commercial,Low
Water Heaters (L2),ao smith geyser 20 ltr price,50,Unknown,0.0,brands,Commercial,Low
Water Heaters (L2),ao smith geyser 25 ltr finesse,50,Unknown,0.0,brands,Commercial,Low
Water Heaters (L2),ao smith geyser 25 ltr price 5 star,50,High,0.0,brands,Commercial,Low
Water Heaters (L2),ao smith geyser 25 ltr price digital,50,Unknown,0.0,brands,Commercial,Low
Water Heaters (L2),ao smith geyser 25 ltr price finesse,50,Unknown,0.0,brands,Commercial,Low
Water Heaters (L2),ao smith geyser 3 ltr,50,High,0.0,brands,Commercial,Low
Water Heaters (L2),ao smith geyser 3 ltr price,50,High,0.0,brands,Commercial,Low
Water Heaters (L2),ao smith geyser 35 ltr price,50,Unknown,0.0,brands,Commercial,Low
Water Heaters (L2),ao smith geyser 5 ltr price,50,High,0.0,brands,Commercial,Low
Water Heaters (L2),ao smith geyser 6 ltr,50,Unknown,0.0,brands,Commercial,Low
Water Heaters (L2),ao smith geyser 6 ltr price,50,Unknown,0.0,brands,Commercial,Low
Water Heaters (L2),ao smith geyser amazon,50,Unknown,0.0,brands,Commercial,Low
Water Heaters (L2),ao smith geyser company,50,Low,0.0,brands,Commercial,Low
Water Heaters (L2),ao smith geyser croma,50,Unknown,0.0,brands,Commercial,Low
Water Heaters (L2),ao smith geyser dealers near me,50,High,0.0,brands,Commercial,Low
Water Heaters (L2),ao smith geyser finesse,50,High,0.0,brands,Commercial,Low
Water Heaters (L2),ao smith geyser finesse 10 litre price,50,High,0.0,brands,Commercial,Low
Water Heaters (L2),ao smith geyser finesse 15 ltr price,50,High,0.0,brands,Commercial,Low
Water Heaters (L2),ao smith geyser flipkart,50,High,0.0,brands,Commercial,Low
Water Heaters (L2),ao smith geyser for hard water,50,Unknown,0.0,brands,Commercial,Low
Water Heaters (L2),ao smith geyser installation,50,Low,0.0,brands,Commercial,Low
Water Heaters (L2),ao smith geyser installation charges,50,Low,0.0,brands,Commercial,Low
Water Heaters (L2),ao smith geyser instant,50,High,0.0,brands,Commercial,Low
Water Heaters (L2),ao smith geyser minibot,50,Unknown,0.0,brands,Commercial,Low
Water Heaters (L2),ao smith geyser models,50,High,0.0,brands,Commercial,Low
Water Heaters (L2),ao smith geyser near me,50,Medium,0.0,brands,Commercial,Low
Water Heaters (L2),ao smith geyser not heating,50,Medium,0.0,brands,Commercial,Low
Water Heaters (L2),ao smith geyser online,50,Unknown,0.0,brands,Commercial,Low
Water Heaters (L2),ao smith geyser pcb price,50,Unknown,0.0,brands,Commercial,Low
Water Heaters (L2),ao smith geyser remote,50,Low,0.0,brands,Commercial,Low
Water Heaters (L2),ao smith geyser repair,50,Medium,0.0,brands,Commercial,Low
Water Heaters (L2),ao smith geyser repair near me,50,Unknown,0.0,brands,Commercial,Low
Water Heaters (L2),ao smith geyser thermostat,50,High,0.0,brands,Commercial,Low
Water Heaters (L2),ao smith geyser thermostat price,50,High,0.0,brands,Commercial,Low
Water Heaters (L2),ao smith geyser with remote,50,Unknown,0.0,brands,Commercial,Low
Water Heaters (L2),ao smith green series geyser,50,High,0.0,brands,Commercial,Low
Water Heaters (L2),ao smith heat pump,50,High,0.0,brands,Commercial,Low
Water Heaters (L2),ao smith heat pump 300 ltr price,50,High,0.0,brands,Commercial,Low
Water Heaters (L2),ao smith heat pump 450 ltr price,50,High,0.0,brands,Commercial,Low
Water Heaters (L2),ao smith heat pump price,50,Unknown,0.0,brands,Commercial,Low
Water Heaters (L2),ao smith heat pump water heater,50,High,0.0,brands,Commercial,Low
Water Heaters (L2),ao smith heat pump water heater price,50,Unknown,0.0,brands,Commercial,Low
Water Heaters (L2),ao smith heatbot,50,High,0.0,brands,Commercial,Low
Water Heaters (L2),ao smith heatbot 25l,50,High,0.0,brands,Commercial,Low
Water Heaters (L2),ao smith heatbot szs 015 dg,50,Unknown,0.0,brands,Commercial,Low
Water Heaters (L2),ao smith heatbot szs 025,50,Unknown,0.0,brands,Commercial,Low
Water Heaters (L2),ao smith heatbot szs 025 dg,50,Unknown,0.0,brands,Commercial,Low
Water Heaters (L2),ao smith hot and cold water purifier,50,High,0.0,brands,Commercial,Low
Water Heaters (L2),ao smith hot water heater,50,Medium,0.0,brands,Commercial,Low
Water Heaters (L2),ao smith hot water purifier,50,High,0.0,brands,Commercial,Low
Water Heaters (L2),ao smith hot water storage tank,50,Unknown,0.0,brands,Commercial,Low
Water Heaters (L2),ao smith hot water tank,50,Unknown,0.0,brands,Commercial,Low
Water Heaters (L2),ao smith hse sds,50,Medium,0.0,brands,Commercial,Low
Water Heaters (L2),ao smith hse ses 25 litre,50,Unknown,0.0,brands,Commercial,Low
Water Heaters (L2),ao smith hw 300,50,Unknown,0.0,brands,Commercial,Low
Water Heaters (L2),ao smith installation,50,Low,0.0,brands,Commercial,Low
Water Heaters (L2),ao smith installation charges,50,Low,0.0,brands,Commercial,Low
Water Heaters (L2),ao smith instant geyser 3 litre,50,Unknown,0.0,brands,Commercial,Low
Water Heaters (L2),ao smith instant geyser installation,50,Unknown,0.0,brands,Commercial,Low
Water Heaters (L2),ao smith instant geyser price,50,Unknown,0.0,brands,Commercial,Low
Water Heaters (L2),ao smith instant hot water heater,50,Unknown,0.0,brands,Commercial,Low
Water Heaters (L2),ao smith intelli uv+,50,Unknown,0.0,brands,Commercial,Low
Water Heaters (L2),ao smith international,50,Unknown,0.0,brands,Commercial,Low
Water Heaters (L2),ao smith invi u1,50,Unknown,0.0,brands,Commercial,Low
Water Heaters (L2),ao smith jaquar,50,High,0.0,brands,Commercial,Low
Water Heaters (L2),ao smith jaquar elite series,50,Medium,0.0,brands,Commercial,Low
Water Heaters (L2),ao smith jaquar elite series geyser,50,High,0.0,brands,Commercial,Low
Water Heaters (L2),ao smith jaquar geyser,50,High,0.0,brands,Commercial,Low
Water Heaters (L2),ao smith kitchen geyser,50,Unknown,0.0,brands,Commercial,Low
Water Heaters (L2),ao smith latest geysers,50,High,0.0,brands,Commercial,Low
Water Heaters (L2),ao smith latest water purifier,50,High,0.0,brands,Commercial,Low
Water Heaters (L2),ao smith membrane price,50,Low,0.0,brands,Commercial,Low
Water Heaters (L2),ao smith mini bot,50,High,0.0,brands,Commercial,Low
Water Heaters (L2),ao smith minibot 3 l instant water geyser,50,Medium,0.0,brands,Commercial,Low
Water Heaters (L2),ao smith minibot 3 litres instant water geyser,50,High,0.0,brands,Commercial,Low
Water Heaters (L2),ao smith minibot 3 ltr,50,Unknown,0.0,brands,Commercial,Low
Water Heaters (L2),ao smith minibot 3kw,50,High,0.0,brands,Commercial,Low
Water Heaters (L2),ao smith minibot 3l,50,High,0.0,brands,Commercial,Low
Water Heaters (L2),ao smith minibot 4.5 kw,50,High,0.0,brands,Commercial,Low
Water Heaters (L2),ao smith minibot price,50,Unknown,0.0,brands,Commercial,Low
Water Heaters (L2),ao smith minibot szs 3,50,High,0.0,brands,Commercial,Low
Water Heaters (L2),ao smith minibot water heater,50,Unknown,0.0,brands,Commercial,Low
Water Heaters (L2),ao smith near me,50,Low,0.0,brands,Commercial,Low
Water Heaters (L2),ao smith official website,50,Unknown,0.0,brands,Commercial,Low
Water Heaters (L2),ao smith online,50,High,0.0,brands,Commercial,Low
Water Heaters (L2),ao smith online geyser,50,Unknown,0.0,brands,Commercial,Low
Water Heaters (L2),ao smith outdoor tankless water heater,50,Unknown,0.0,brands,Commercial,Low
Water Heaters (L2),ao smith p1,50,Unknown,0.0,brands,Commercial,Low
Water Heaters (L2),ao smith p3,50,High,0.0,brands,Commercial,Low
Water Heaters (L2),ao smith p3 price,50,Unknown,0.0,brands,Commercial,Low
Water Heaters (L2),ao smith p3 water purifier,50,Unknown,0.0,brands,Commercial,Low
Water Heaters (L2),ao smith p4,50,High,0.0,brands,Commercial,Low
Water Heaters (L2),ao smith p4 price,50,High,0.0,brands,Commercial,Low
Water Heaters (L2),ao smith p4 water purifier,50,Unknown,0.0,brands,Commercial,Low
Water Heaters (L2),ao smith p4 water purifier price,50,Unknown,0.0,brands,Commercial,Low
Water Heaters (L2),ao smith p5,50,Medium,0.0,brands,Commercial,Low
Water Heaters (L2),ao smith p5 price,50,Unknown,0.0,brands,Commercial,Low
Water Heaters (L2),ao smith p5 water purifier,50,High,0.0,brands,Commercial,Low
Water Heaters (L2),ao smith p6 price,50,High,0.0,brands,Commercial,Low
Water Heaters (L2),ao smith p6 proplanet,50,Unknown,0.0,brands,Commercial,Low
Water Heaters (L2),ao smith p6 water purifier,50,High,0.0,brands,Commercial,Low
Water Heaters (L2),ao smith p6 water purifier price,50,High,0.0,brands,Commercial,Low
Water Heaters (L2),ao smith p7,50,High,0.0,brands,Commercial,Low
Water Heaters (L2),ao smith p7 price,50,High,0.0,brands,Commercial,Low
Water Heaters (L2),ao smith p7 water purifier,50,Unknown,0.0,brands,Commercial,Low
Water Heaters (L2),ao smith planet p4,50,Unknown,0.0,brands,Commercial,Low
Water Heaters (L2),ao smith pro,50,High,0.0,brands,Commercial,Low
Water Heaters (L2),ao smith pro line water heater,50,Unknown,0.0,brands,Commercial,Low
Water Heaters (L2),ao smith pro planet,50,High,0.0,brands,Commercial,Low
Water Heaters (L2),ao smith pro planet p5,50,High,0.0,brands,Commercial,Low
Water Heaters (L2),ao smith products,50,Low,0.0,brands,Commercial,Low
Water Heaters (L2),ao smith proplanet p3,50,Unknown,0.0,brands,Commercial,Low
Water Heaters (L2),ao smith proplanet p4,50,High,0.0,brands,Commercial,Low
Water Heaters (L2),ao smith proplanet p4 price,50,Unknown,0.0,brands,Commercial,Low
Water Heaters (L2),ao smith proplanet p6 price,50,Unknown,0.0,brands,Commercial,Low
Water Heaters (L2),ao smith proplanet p7,50,High,0.0,brands,Commercial,Low
Water Heaters (L2),ao smith pumps,50,Unknown,0.0,brands,Commercial,Low
Water Heaters (L2),ao smith purifier,50,High,0.0,brands,Commercial,Low
Water Heaters (L2),ao smith recirculation pump,50,Unknown,0.0,brands,Commercial,Low
Water Heaters (L2),ao smith repair,50,Unknown,0.0,brands,Commercial,Low
Water Heaters (L2),ao smith residential water heater,50,Unknown,0.0,brands,Commercial,Low
Water Heaters (L2),ao smith ro hot and cold water purifier,50,High,0.0,brands,Commercial,Low
Water Heaters (L2),ao smith ro installation,50,Low,0.0,brands,Commercial,Low
Water Heaters (L2),ao smith ro price,50,High,0.0,brands,Commercial,Low
Water Heaters (L2),ao smith ro system,50,High,0.0,brands,Commercial,Low
Water Heaters (L2),ao smith ro system installation,50,Unknown,0.0,brands,Commercial,Low
Water Heaters (L2),ao smith sds,50,High,0.0,brands,Commercial,Low
Water Heaters (L2),ao smith sds 15 ltr,50,High,0.0,brands,Commercial,Low
Water Heaters (L2),ao smith sds 25 ltr,50,Unknown,0.0,brands,Commercial,Low
Water Heaters (L2),ao smith sds green series,50,High,0.0,brands,Commercial,Low
Water Heaters (L2),ao smith sds green series 015,50,Unknown,0.0,brands,Commercial,Low
Water Heaters (L2),ao smith sds green series 015 storage 15 litre,50,Unknown,0.0,brands,Commercial,Low
Water Heaters (L2),ao smith sds green series 025,50,Unknown,0.0,brands,Commercial,Low
Water Heaters (L2),ao smith sds green series 025 storage 25 litre,50,Unknown,0.0,brands,Commercial,Low
Water Heaters (L2),ao smith series 015,50,Unknown,0.0,brands,Commercial,Low
Water Heaters (L2),ao smith sgs,50,Unknown,0.0,brands,Commercial,Low
Water Heaters (L2),ao smith sgs green 006,50,Unknown,0.0,brands,Commercial,Low
Water Heaters (L2),ao smith sgs green 010,50,High,0.0,brands,Commercial,Low
Water Heaters (L2),ao smith sgs green series 015,50,High,0.0,brands,Commercial,Low
Water Heaters (L2),ao smith sgs green series 025,50,Unknown,0.0,brands,Commercial,Low
Water Heaters (L2),ao smith smart geyser,50,High,0.0,brands,Commercial,Low
Water Heaters (L2),ao smith smart water heater,50,High,0.0,brands,Commercial,Low
Water Heaters (L2),ao smith solar water heater,50,Low,0.0,brands,Commercial,Low
Water Heaters (L2),ao smith storage tank,50,Unknown,0.0,brands,Commercial,Low
Water Heaters (L2),ao smith storage water geyser,50,High,0.0,brands,Commercial,Low
Water Heaters (L2),ao smith szs 15,50,Unknown,0.0,brands,Commercial,Low
Water Heaters (L2),ao smith szs 25 ltr,50,High,0.0,brands,Commercial,Low
Water Heaters (L2),ao smith szs 3,50,High,0.0,brands,Commercial,Low
Water Heaters (L2),ao smith szs dg 25 ltr,50,Unknown,0.0,brands,Commercial,Low
Water Heaters (L2),ao smith tank water heater,50,Unknown,0.0,brands,Commercial,Low
Water Heaters (L2),ao smith tankless water heater electric,50,Unknown,0.0,brands,Commercial,Low
Water Heaters (L2),ao smith tankless water heater installation,50,Unknown,0.0,brands,Commercial,Low
Water Heaters (L2),ao smith tanks,50,Unknown,0.0,brands,Commercial,Low
Water Heaters (L2),ao smith thermostat,50,Unknown,0.0,brands,Commercial,Low
Water Heaters (L2),ao smith thermostat price,50,High,0.0,brands,Commercial,Low
Water Heaters (L2),ao smith thermostat replacement,50,Unknown,0.0,brands,Commercial,Low
Water Heaters (L2),ao smith under counter water purifier,50,High,0.0,brands,Commercial,Low
Water Heaters (L2),ao smith us,50,Low,0.0,brands,Commercial,Low
Water Heaters (L2),ao smith usa,50,Low,0.0,brands,Commercial,Low
Water Heaters (L2),ao smith water,50,Medium,0.0,brands,Commercial,Low
Water Heaters (L2),ao smith water conditioner,50,Unknown,0.0,brands,Commercial,Low
Water Heaters (L2),ao smith water dispenser,50,High,0.0,brands,Commercial,Low
Water Heaters (L2),ao smith water geyser 15 ltr price,50,Unknown,0.0,brands,Commercial,Low
Water Heaters (L2),ao smith water geyser 25 ltr price,50,High,0.0,brands,Commercial,Low
Water Heaters (L2),ao smith water heat pump,50,High,0.0,brands,Commercial,Low
Water Heaters (L2),ao smith water heater 15 ltr,50,High,0.0,brands,Commercial,Low
Water Heaters (L2),ao smith water heater 15 ltr price,50,High,0.0,brands,Commercial,Low
Water Heaters (L2),ao smith water heater 25 ltr,50,High,0.0,brands,Commercial,Low
Water Heaters (L2),ao smith water heater amazon,50,High,0.0,brands,Commercial,Low
Water Heaters (L2),ao smith water heater brands,50,High,0.0,brands,Commercial,Low
Water Heaters (L2),ao smith water heater cost,50,Unknown,0.0,brands,Commercial,Low
Water Heaters (L2),ao smith water heater dealers,50,Low,0.0,brands,Commercial,Low
Water Heaters (L2),ao smith water heater dealers near me,50,Low,0.0,brands,Commercial,Low
Water Heaters (L2),ao smith water heater distributors,50,Low,0.0,brands,Commercial,Low
Water Heaters (L2),ao smith water heater distributors near me,50,Low,0.0,brands,Commercial,Low
Water Heaters (L2),ao smith water heater drain,50,Low,0.0,brands,Commercial,Low
Water Heaters (L2),ao smith water heater finesse,50,High,0.0,brands,Commercial,Low
Water Heaters (L2),ao smith water heater installation cost,50,Low,0.0,brands,Commercial,Low
Water Heaters (L2),ao smith water heater maintenance,50,Unknown,0.0,brands,Commercial,Low
Water Heaters (L2),ao smith water heater models,50,High,0.0,brands,Commercial,Low
Water Heaters (L2),ao smith water heater near me,50,Low,0.0,brands,Commercial,Low
Water Heaters (L2),ao smith water heater no hot water,50,Unknown,0.0,brands,Commercial,Low
Water Heaters (L2),ao smith water heater not heating,50,Medium,0.0,brands,Commercial,Low
Water Heaters (L2),ao smith water heater not heating electric,50,Unknown,0.0,brands,Commercial,Low
Water Heaters (L2),ao smith water heater repair,50,Low,0.0,brands,Commercial,Low
Water Heaters (L2),ao smith water heater size,50,Unknown,0.0,brands,Commercial,Low
Water Heaters (L2),ao smith water heater sizes,50,Unknown,0.0,brands,Commercial,Low
Water Heaters (L2),ao smith water heater tankless electric,50,Unknown,0.0,brands,Commercial,Low
Water Heaters (L2),ao smith water heater thermostat,50,Unknown,0.0,brands,Commercial,Low
Water Heaters (L2),ao smith water heater thermostat price,50,Medium,0.0,brands,Commercial,Low
Water Heaters (L2),ao smith water heater thermostat replacement,50,Low,0.0,brands,Commercial,Low
Water Heaters (L2),ao smith water heater wall clamp,50,Medium,0.0,brands,Commercial,Low
Water Heaters (L2),ao smith water heater with heat pump,50,High,0.0,brands,Commercial,Low
Water Heaters (L2),ao smith water heaters near me,50,Low,0.0,brands,Commercial,Low
Water Heaters (L2),ao smith water products,50,Unknown,0.0,brands,Commercial,Low
Water Heaters (L2),ao smith water products co,50,Unknown,0.0,brands,Commercial,Low
Water Heaters (L2),ao smith water products company,50,Unknown,0.0,brands,Commercial,Low
Water Heaters (L2),ao smith water products pvt ltd,50,Medium,0.0,brands,Commercial,Low
Water Heaters (L2),ao smith water pump,50,High,0.0,brands,Commercial,Low
Water Heaters (L2),ao smith water purifier candle price,50,Unknown,0.0,brands,Commercial,Low
Water Heaters (L2),ao smith water purifier company,50,Low,0.0,brands,Commercial,Low
Water Heaters (L2),ao smith water purifier cost,50,High,0.0,brands,Commercial,Low
Water Heaters (L2),ao smith water purifier croma,50,High,0.0,brands,Commercial,Low
Water Heaters (L2),ao smith water purifier dealers near me,50,Medium,0.0,brands,Commercial,Low
Water Heaters (L2),ao smith water purifier hot and cold,50,High,0.0,brands,Commercial,Low
Water Heaters (L2),ao smith water purifier installation,50,Low,0.0,brands,Commercial,Low
Water Heaters (L2),ao smith water purifier maintenance cost,50,Low,0.0,brands,Commercial,Low
Water Heaters (L2),ao smith water purifier models,50,High,0.0,brands,Commercial,Low
Water Heaters (L2),ao smith water purifier near me,50,Medium,0.0,brands,Commercial,Low
Water Heaters (L2),ao smith water purifier p3,50,Unknown,0.0,brands,Commercial,Low
Water Heaters (L2),ao smith water purifier p6,50,High,0.0,brands,Commercial,Low
Water Heaters (L2),ao smith water purifier p6 price,50,Unknown,0.0,brands,Commercial,Low
Water Heaters (L2),ao smith water purifier p7,50,Medium,0.0,brands,Commercial,Low
Water Heaters (L2),ao smith water purifier price,50,High,0.0,brands,Commercial,Low
Water Heaters (L2),ao smith water purifier proplanet p3,50,Unknown,0.0,brands,Commercial,Low
Water Heaters (L2),ao smith water purifier proplanet p4,50,Medium,0.0,brands,Commercial,Low
Water Heaters (L2),ao smith water purifier proplanet p6,50,High,0.0,brands,Commercial,Low
Water Heaters (L2),ao smith water purifier proplanet p7,50,Unknown,0.0,brands,Commercial,Low
Water Heaters (L2),ao smith water purifier repair,50,Low,0.0,brands,Commercial,Low
Water Heaters (L2),ao smith water purifier under counter,50,Unknown,0.0,brands,Commercial,Low
Water Heaters (L2),ao smith water purifier x2,50,Unknown,0.0,brands,Commercial,Low
Water Heaters (L2),ao smith water purifier x3,50,Unknown,0.0,brands,Commercial,Low
Water Heaters (L2),ao smith water purifier x8,50,High,0.0,brands,Commercial,Low
Water Heaters (L2),ao smith water purifier z1,50,Medium,0.0,brands,Commercial,Low
Water Heaters (L2),ao smith water purifier z2+,50,Unknown,0.0,brands,Commercial,Low
Water Heaters (L2),ao smith water purifier z5,50,Unknown,0.0,brands,Commercial,Low
Water Heaters (L2),ao smith water purifier z8,50,High,0.0,brands,Commercial,Low
Water Heaters (L2),ao smith water storage tanks,50,Unknown,0.0,brands,Commercial,Low
Water Heaters (L2),ao smith water tank,50,Unknown,0.0,brands,Commercial,Low
Water Heaters (L2),ao smith water treatment,50,High,0.0,brands,Commercial,Low
Water Heaters (L2),ao smith website,50,Low,0.0,brands,Commercial,Low
Water Heaters (L2),ao smith wp proplanet p6,50,High,0.0,brands,Commercial,Low
Water Heaters (L2),ao smith x2,50,High,0.0,brands,Commercial,Low
Water Heaters (L2),ao smith x2 price,50,Unknown,0.0,brands,Commercial,Low
Water Heaters (L2),ao smith x2 water purifier,50,High,0.0,brands,Commercial,Low
Water Heaters (L2),ao smith x2 water purifier price,50,Unknown,0.0,brands,Commercial,Low
Water Heaters (L2),ao smith x3,50,Low,0.0,brands,Commercial,Low
Water Heaters (L2),ao smith x3 price,50,Unknown,0.0,brands,Commercial,Low
Water Heaters (L2),ao smith x3 water purifier,50,Unknown,0.0,brands,Commercial,Low
Water Heaters (L2),ao smith x3 water purifier price,50,Unknown,0.0,brands,Commercial,Low
Water Heaters (L2),ao smith x3+,50,Medium,0.0,brands,Commercial,Low
Water Heaters (L2),ao smith x3+ water purifier,50,Medium,0.0,brands,Commercial,Low
Water Heaters (L2),ao smith x4,50,Low,0.0,brands,Commercial,Low
Water Heaters (L2),ao smith x4 water purifier,50,Unknown,0.0,brands,Commercial,Low
Water Heaters (L2),ao smith x4+,50,Low,0.0,brands,Commercial,Low
Water Heaters (L2),ao smith x5,50,High,0.0,brands,Commercial,Low
Water Heaters (L2),ao smith x5 water purifier,50,Unknown,0.0,brands,Commercial,Low
Water Heaters (L2),ao smith x5+,50,High,0.0,brands,Commercial,Low
Water Heaters (L2),ao smith x6,50,Medium,0.0,brands,Commercial,Low
Water Heaters (L2),ao smith x6 water purifier,50,High,0.0,brands,Commercial,Low
Water Heaters (L2),ao smith x6+,50,Medium,0.0,brands,Commercial,Low
Water Heaters (L2),ao smith x6+ water purifier,50,Low,0.0,brands,Commercial,Low
Water Heaters (L2),ao smith x7,50,High,0.0,brands,Commercial,Low
Water Heaters (L2),ao smith x7 water purifier,50,Unknown,0.0,brands,Commercial,Low
Water Heaters (L2),ao smith x8,50,Medium,0.0,brands,Commercial,Low
Water Heaters (L2),ao smith x8 price,50,Unknown,0.0,brands,Commercial,Low
Water Heaters (L2),ao smith x8 water purifier,50,High,0.0,brands,Commercial,Low
Water Heaters (L2),ao smith xpress,50,High,0.0,brands,Commercial,Low
Water Heaters (L2),ao smith xpress 15 litres,50,High,0.0,brands,Commercial,Low
Water Heaters (L2),ao smith xpress 6 litre,50,Unknown,0.0,brands,Commercial,Low
Water Heaters (L2),ao smith xpress geyser,50,High,0.0,brands,Commercial,Low
Water Heaters (L2),ao smith z series water purifier,50,Unknown,0.0,brands,Commercial,Low
Water Heaters (L2),ao smith z1,50,High,0.0,brands,Commercial,Low
Water Heaters (L2),ao smith z1 price,50,Unknown,0.0,brands,Commercial,Low
Water Heaters (L2),ao smith z1 water purifier,50,High,0.0,brands,Commercial,Low
Water Heaters (L2),ao smith z1 water purifier price,50,Unknown,0.0,brands,Commercial,Low
Water Heaters (L2),ao smith z10,50,Medium,0.0,brands,Commercial,Low
Water Heaters (L2),ao smith z2,50,Medium,0.0,brands,Commercial,Low
Water Heaters (L2),ao smith z2+,50,High,0.0,brands,Commercial,Low
Water Heaters (L2),ao smith z2+ price,50,Unknown,0.0,brands,Commercial,Low
Water Heaters (L2),ao smith z2+ under the counter,50,Unknown,0.0,brands,Commercial,Low
Water Heaters (L2),ao smith z2+ water purifier,50,Unknown,0.0,brands,Commercial,Low
Water Heaters (L2),ao smith z5,50,Unknown,0.0,brands,Commercial,Low
Water Heaters (L2),ao smith z5 water purifier,50,Low,0.0,brands,Commercial,Low
Water Heaters (L2),ao smith z7 water purifier,50,High,0.0,brands,Commercial,Low
Water Heaters (L2),ao smith z8,50,High,0.0,brands,Commercial,Low
Water Heaters (L2),ao smith z8 price,50,Unknown,0.0,brands,Commercial,Low
Water Heaters (L2),ao smith z8 ro membrane price,50,Unknown,0.0,brands,Commercial,Low
Water Heaters (L2),ao smith z8 ro water purifier,50,Unknown,0.0,brands,Commercial,Low
Water Heaters (L2),ao smith z9 green,50,Unknown,0.0,brands,Commercial,Low
Water Heaters (L2),ao smith z9 hot+ normal ro,50,Unknown,0.0,brands,Commercial,Low
Water Heaters (L2),ao smith z9 price,50,High,0.0,brands,Commercial,Low
Water Heaters (L2),ao smith z9 water purifier maintenance cost,50,Unknown,0.0,brands,Commercial,Low
Water Heaters (L2),ao smith zip,50,Unknown,0.0,brands,Commercial,Low
Water Heaters (L2),ao smith zip geyser,50,Low,0.0,brands,Commercial,Low
Water Heaters (L2),ao smith zip tankless water heater,50,High,0.0,brands,Commercial,Low
Water Heaters (L2),ao smith zip water heater,50,Low,0.0,brands,Commercial,Low
Water Heaters (L2),ao water heater,50,High,0.0,brands,Commercial,Low
Water Heaters (L2),aos water heater,50,Medium,0.0,brands,Commercial,Low
Water Heaters (L2),aosmith hot water heater,50,Medium,0.0,brands,Commercial,Low
Water Heaters (L2),best ao smith geyser,50,High,0.0,brands,Informational,Low
Water Heaters (L2),best ao smith water heater,50,High,0.0,brands,Informational,Low
Water Heaters (L2),best ao smith water purifier,50,High,0.0,brands,Informational,Low
Water Heaters (L2),buy ao smith geyser,50,High,0.0,brands,Commercial,Low
Water Heaters (L2),buy ao smith water heater,50,Unknown,0.0,brands,Commercial,Low
Water Heaters (L2),buy ao smith water purifier,50,Unknown,0.0,brands,Commercial,Low
Water Heaters (L2),croma ao smith geyser,50,High,0.0,brands,Commercial,Low
Water Heaters (L2),elegance ao smith,50,High,0.0,brands,Commercial,Low
Water Heaters (L2),elegance slim ao smith,50,High,0.0,brands,Commercial,Low
Water Heaters (L2),euro smith geyser,50,Unknown,0.0,brands,Commercial,Low
Water Heaters (L2),eurosmith geyser,50,Unknown,0.0,brands,Commercial,Low
Water Heaters (L2),finesse ao smith 15 ltr price,50,High,0.0,brands,Commercial,Low
Water Heaters (L2),geyser 15 ltr price ao smith,50,Unknown,0.0,brands,Commercial,Low
Water Heaters (L2),geyser 25 ltr price ao smith,50,High,0.0,brands,Commercial,Low
Water Heaters (L2),geyser ao smith 15 litre,50,Unknown,0.0,brands,Commercial,Low
Water Heaters (L2),heat pump ao smith water heater,50,High,0.0,brands,Commercial,Low
Water Heaters (L2),heatbot ao smith,50,High,0.0,brands,Commercial,Low
Water Heaters (L2),invi u1 ao smith,50,Unknown,0.0,brands,Commercial,Low
Water Heaters (L2),jaquar ao smith geyser,50,Unknown,0.0,brands,Commercial,Low
Water Heaters (L2),jaquar smith geyser,50,High,0.0,brands,Commercial,Low
Water Heaters (L2),kevin wheeler ao smith,50,Unknown,0.0,brands,Commercial,Low
Water Heaters (L2),latest ao smith water purifier,50,Unknown,0.0,brands,Commercial,Low
Water Heaters (L2),minibot ao smith,50,High,0.0,brands,Commercial,Low
Water Heaters (L2),p3 ao smith,50,Unknown,0.0,brands,Commercial,Low
Water Heaters (L2),p4 ao smith,50,High,0.0,brands,Commercial,Low
Water Heaters (L2),p5 ao smith,50,Medium,0.0,brands,Commercial,Low
Water Heaters (L2),p6 ao smith,50,High,0.0,brands,Commercial,Low
Water Heaters (L2),p7 ao smith,50,Medium,0.0,brands,Commercial,Low
Water Heaters (L2),parag kulkarni ao smith,50,Low,0.0,brands,Commercial,Low
Water Heaters (L2),proplanet p6 ao smith,50,High,0.0,brands,Commercial,Low
Water Heaters (L2),racold chennai service centre,50,Unknown,0.0,brands,Commercial,Low
Water Heaters (L2),racold dealers in chennai,50,Unknown,0.0,brands,Commercial,Low
Water Heaters (L2),racold heater service chennai,50,High,0.0,brands,Commercial,Low
Water Heaters (L2),racold water heater authorised service center in chennai,50,Unknown,0.0,brands,Commercial,Low
Water Heaters (L2),reliance digital ao smith,50,Low,0.0,brands,Commercial,Low
Water Heaters (L2),ro ao smith,50,High,0.0,brands,Commercial,Low
Water Heaters (L2),smith electric water heater,50,Unknown,0.0,brands,Commercial,Low
Water Heaters (L2),smith geyser 15 litre,50,High,0.0,brands,Commercial,Low
Water Heaters (L2),smith geyser price,50,High,0.0,brands,Commercial,Low
Water Heaters (L2),smith hot water heater,50,Unknown,0.0,brands,Commercial,Low
Water Heaters (L2),smith instant water heater,50,High,0.0,brands,Commercial,Low
Water Heaters (L2),smith jaquar geyser price,50,Unknown,0.0,brands,Commercial,Low
Water Heaters (L2),smith tankless water heater,50,Unknown,0.0,brands,Commercial,Low
Water Heaters (L2),smith water geyser price,50,Unknown,0.0,brands,Commercial,Low
Water Heaters (L2),star smith geyser,50,Unknown,0.0,brands,Commercial,Low
Water Heaters (L2),szs ao smith,50,Unknown,0.0,brands,Commercial,Low
Water Heaters (L2),www ao smith com,50,High,0.0,brands,Commercial,Low
Water Heaters (L2),x2 ao smith,50,Unknown,0.0,brands,Commercial,Low
Water Heaters (L2),x3 ao smith,50,Unknown,0.0,brands,Commercial,Low
Water Heaters (L2),x6+ ao smith,50,High,0.0,brands,Commercial,Low
Water Heaters (L2),x8 ao smith,50,Unknown,0.0,brands,Commercial,Low
Water Heaters (L2),xpress ao smith,50,High,0.0,brands,Commercial,Low
Water Heaters (L2),z1 ao smith,50,Low,0.0,brands,Commercial,Low
Water Heaters (L2),z2+ ao smith,50,Unknown,0.0,brands,Commercial,Low
Water Heaters (L2),z8 ao smith,50,Medium,0.0,brands,Commercial,Low
Water Heaters (L2),z9 ao smith,50,High,0.0,brands,Commercial,Low
Water Heaters (L2),a&o water heater,0,Unknown,0.0,brands,Commercial,Low
Water Heaters (L2),ao electric water heater,0,Unknown,0.0,brands,Commercial,Low
Water Heaters (L2),ao gas water heater,0,Unknown,0.0,brands,Commercial,Low
Water Heaters (L2),ao hot water heater,0,Unknown,0.0,brands,Commercial,Low
Water Heaters (L2),ao smith 015,0,Unknown,0.0,brands,Commercial,Low
Water Heaters (L2),ao smith 07709,0,Unknown,0.0,brands,Commercial,Low
Water Heaters (L2),ao smith 1 litre geyser,0,Unknown,0.0,brands,Commercial,Low
Water Heaters (L2),ao smith 100108283,0,Unknown,0.0,brands,Commercial,Low
Water Heaters (L2),ao smith 100108660,0,Unknown,0.0,brands,Commercial,Low
Water Heaters (L2),ao smith 100109295,0,Unknown,0.0,brands,Commercial,Low
Water Heaters (L2),ao smith 100109594,0,Unknown,0.0,brands,Commercial,Low
Water Heaters (L2),ao smith 100110899,0,Unknown,0.0,brands,Commercial,Low
Water Heaters (L2),ao smith 100111050,0,Unknown,0.0,brands,Commercial,Low
Water Heaters (L2),ao smith 100111100,0,Unknown,0.0,brands,Commercial,Low
Water Heaters (L2),ao smith 100112330,0,Unknown,0.0,brands,Commercial,Low
Water Heaters (L2),ao smith 100112336,0,Unknown,0.0,brands,Commercial,Low
Water Heaters (L2),ao smith 100187864,0,Unknown,0.0,brands,Commercial,Low
Water Heaters (L2),ao smith 100262939,0,Unknown,0.0,brands,Commercial,Low
Water Heaters (L2),ao smith 100271887,0,Unknown,0.0,brands,Commercial,Low
Water Heaters (L2),ao smith 100271888,0,Unknown,0.0,brands,Commercial,Low
Water Heaters (L2),ao smith 100271923,0,Unknown,0.0,brands,Commercial,Low
Water Heaters (L2),ao smith 100293212,0,Unknown,0.0,brands,Commercial,Low
Water Heaters (L2),ao smith 100309396,0,Unknown,0.0,brands,Commercial,Low
Water Heaters (L2),ao smith 1055542,0,Unknown,0.0,brands,Commercial,Low
Water Heaters (L2),ao smith 1055543,0,Unknown,0.0,brands,Commercial,Low
Water Heaters (L2),ao smith 1055544,0,Unknown,0.0,brands,Commercial,Low
Water Heaters (L2),ao smith 1055555,0,Unknown,0.0,brands,Commercial,Low
Water Heaters (L2),ao smith 1055556,0,Unknown,0.0,brands,Commercial,Low
Water Heaters (L2),ao smith 120v heat pump water heater,0,Unknown,0.0,brands,Commercial,Low
Water Heaters (L2),ao smith 120v water heater,0,Unknown,0.0,brands,Commercial,Low
Water Heaters (L2),ao smith 14kw tankless water heater,0,Unknown,0.0,brands,Commercial,Low
Water Heaters (L2),ao smith 18kw tankless water heater,0,Unknown,0.0,brands,Commercial,Low
Water Heaters (L2),ao smith 194393 000,0,Unknown,0.0,brands,Commercial,Low
Water Heaters (L2),ao smith 28 kw tankless water heater,0,Unknown,0.0,brands,Commercial,Low
Water Heaters (L2),ao smith 3 l instant water geyser ews 3 white,0,Unknown,0.0,brands,Commercial,Low
Water Heaters (L2),ao smith 300,0,Unknown,0.0,brands,Commercial,Low
Water Heaters (L2),ao smith 300 electric water heater,0,Unknown,0.0,brands,Commercial,Low
Water Heaters (L2),ao smith 300 series,0,Unknown,0.0,brands,Commercial,Low
Water Heaters (L2),ao smith 300 series water heater,0,Unknown,0.0,brands,Commercial,Low
Water Heaters (L2),ao smith 316p758,0,Unknown,0.0,brands,Commercial,Low
Water Heaters (L2),ao smith 322p289,0,Unknown,0.0,brands,Commercial,Low
Water Heaters (L2),ao smith 326p136,0,Unknown,0.0,brands,Commercial,Low
Water Heaters (L2),ao smith 326p137,0,Unknown,0.0,brands,Commercial,Low
Water Heaters (L2),ao smith 326p203,0,Unknown,0.0,brands,Commercial,Low
Water Heaters (L2),ao smith 326p427,0,Unknown,0.0,brands,Commercial,Low
Water Heaters (L2),ao smith 35 litre geyser price,0,Unknown,0.0,brands,Commercial,Low
Water Heaters (L2),ao smith 540,0,Unknown,0.0,brands,Commercial,Low
Water Heaters (L2),ao smith 540 tankless water heater,0,Unknown,0.0,brands,Commercial,Low
Water Heaters (L2),ao smith 6 ltr instant geyser,0,Unknown,0.0,brands,Commercial,Low
Water Heaters (L2),ao smith 900,0,Unknown,0.0,brands,Commercial,Low
Water Heaters (L2),ao smith 900 series,0,Unknown,0.0,brands,Commercial,Low
Water Heaters (L2),ao smith 9003626005,0,Unknown,0.0,brands,Commercial,Low
Water Heaters (L2),ao smith 962540,0,Unknown,0.0,brands,Commercial,Low
Water Heaters (L2),ao smith american water heater,0,Unknown,0.0,brands,Commercial,Low
Water Heaters (L2),ao smith ao mf adv,0,Unknown,0.0,brands,Commercial,Low
Water Heaters (L2),ao smith aqua air,0,Unknown,0.0,brands,Commercial,Low
Water Heaters (L2),ao smith aqua air v100,0,Unknown,0.0,brands,Commercial,Low
Water Heaters (L2),ao smith aqua air v60,0,Unknown,0.0,brands,Commercial,Low
Water Heaters (L2),ao smith b2853,0,Unknown,0.0,brands,Commercial,Low
Water Heaters (L2),ao smith b625,0,Unknown,0.0,brands,Commercial,Low
Water Heaters (L2),ao smith bt100,0,Unknown,0.0,brands,Commercial,Low
Water Heaters (L2),ao smith bt80,0,Unknown,0.0,brands,Commercial,Low
Water Heaters (L2),ao smith bth400,0,Unknown,0.0,brands,Commercial,Low
Water Heaters (L2),ao smith bth500a,0,Unknown,0.0,brands,Commercial,Low
Water Heaters (L2),ao smith bthl 500a,0,Unknown,0.0,brands,Commercial,Low
Water Heaters (L2),ao smith bths 1000a,0,Unknown,0.0,brands,Commercial,Low
Water Heaters (L2),ao smith bths 750a,0,Unknown,0.0,brands,Commercial,Low
Water Heaters (L2),ao smith btx80,0,Unknown,0.0,brands,Commercial,Low
Water Heaters (L2),ao smith buffer tank,0,Unknown,0.0,brands,Commercial,Low
Water Heaters (L2),ao smith burkay,0,Unknown,0.0,brands,Commercial,Low
Water Heaters (L2),ao smith c48a95a06,0,Unknown,0.0,brands,Commercial,Low
Water Heaters (L2),ao smith c56b05b17,0,Unknown,0.0,brands,Commercial,Low
Water Heaters (L2),ao smith cirrex solar water heater,0,Unknown,0.0,brands,Commercial,Low
Water Heaters (L2),ao smith del50,0,Unknown,0.0,brands,Commercial,Low
Water Heaters (L2),ao smith den52,0,Unknown,0.0,brands,Commercial,Low
Water Heaters (L2),ao smith den80,0,Unknown,0.0,brands,Commercial,Low
Water Heaters (L2),ao smith dre120,0,Unknown,0.0,brands,Commercial,Low
Water Heaters (L2),ao smith dre52,0,Unknown,0.0,brands,Commercial,Low
Water Heaters (L2),ao smith dre80,0,Unknown,0.0,brands,Commercial,Low
Water Heaters (L2),ao smith dura power,0,Unknown,0.0,brands,Commercial,Low
Water Heaters (L2),ao smith dve,0,Unknown,0.0,brands,Commercial,Low
Water Heaters (L2),ao smith dve 150a,0,Unknown,0.0,brands,Commercial,Low
Water Heaters (L2),ao smith dve 200a,0,Unknown,0.0,brands,Commercial,Low
Water Heaters (L2),ao smith ejct 20,0,Unknown,0.0,brands,Commercial,Low
Water Heaters (L2),ao smith electric heat pump water heater,0,Unknown,0.0,brands,Commercial,Low
Water Heaters (L2),ao smith electric heater,0,Unknown,0.0,brands,Commercial,Low
Water Heaters (L2),ao smith electric hot water tank,0,Unknown,0.0,brands,Commercial,Low
Water Heaters (L2),ao smith electric storage tank water heater,0,Unknown,0.0,brands,Commercial,Low
Water Heaters (L2),ao smith electric tankless,0,Unknown,0.0,brands,Commercial,Low
Water Heaters (L2),ao smith electric tankless water heater installation,0,Unknown,0.0,brands,Commercial,Low
Water Heaters (L2),ao smith electric thermostat,0,Unknown,0.0,brands,Commercial,Low
Water Heaters (L2),ao smith electric water heater 3 litre,0,Unknown,0.0,brands,Commercial,Low
Water Heaters (L2),ao smith electric water heater 6 ltr,0,Unknown,0.0,brands,Commercial,Low
Water Heaters (L2),ao smith electric water heater installation,0,Unknown,0.0,brands,Commercial,Low
Water Heaters (L2),ao smith electric water heater no hot water,0,Unknown,0.0,brands,Commercial,Low
Water Heaters (L2),ao smith electric water heater not heating,0,Unknown,0.0,brands,Commercial,Low
Water Heaters (L2),ao smith electric water heater thermostat replacement,0,Unknown,0.0,brands,Commercial,Low
Water Heaters (L2),ao smith electrical products,0,Unknown,0.0,brands,Commercial,Low
Water Heaters (L2),ao smith electrical products company,0,Unknown,0.0,brands,Commercial,Low
Water Heaters (L2),ao smith elegance geyser 25 ltr price,0,Unknown,0.0,brands,Commercial,Low
Water Heaters (L2),ao smith energy saver,0,Unknown,0.0,brands,Commercial,Low
Water Heaters (L2),ao smith energy star water heater,0,Unknown,0.0,brands,Commercial,Low
Water Heaters (L2),ao smith ens40,0,Unknown,0.0,brands,Commercial,Low
Water Heaters (L2),ao smith ens50,0,Unknown,0.0,brands,Commercial,Low
Water Heaters (L2),ao smith ent40,0,Unknown,0.0,brands,Commercial,Low
Water Heaters (L2),ao smith express 25 litre geyser,0,Unknown,0.0,brands,Commercial,Low
Water Heaters (L2),ao smith f42c38a61,0,Unknown,0.0,brands,Commercial,Low
Water Heaters (L2),ao smith f42c52a45,0,Unknown,0.0,brands,Commercial,Low
Water Heaters (L2),ao smith f42c61a61,0,Unknown,0.0,brands,Commercial,Low
Water Heaters (L2),ao smith f42d29a50,0,Unknown,0.0,brands,Commercial,Low
Water Heaters (L2),ao smith f42e63a61,0,Unknown,0.0,brands,Commercial,Low
Water Heaters (L2),ao smith f42f52a50,0,Unknown,0.0,brands,Commercial,Low
Water Heaters (L2),ao smith f42f65a50,0,Unknown,0.0,brands,Commercial,Low
Water Heaters (L2),ao smith f48aa68a50,0,Unknown,0.0,brands,Commercial,Low
Water Heaters (L2),ao smith f48b46a50,0,Unknown,0.0,brands,Commercial,Low
Water Heaters (L2),ao smith f48e06a48,0,Unknown,0.0,brands,Commercial,Low
Water Heaters (L2),ao smith f48f96a76,0,Unknown,0.0,brands,Commercial,Low
Water Heaters (L2),ao smith f48f97a76,0,Unknown,0.0,brands,Commercial,Low
Water Heaters (L2),ao smith fcg75,0,Unknown,0.0,brands,Commercial,Low
Water Heaters (L2),ao smith g9 t4040nvr,0,Unknown,0.0,brands,Commercial,Low
Water Heaters (L2),ao smith gas fired water heater,0,Unknown,0.0,brands,Commercial,Low
Water Heaters (L2),ao smith gas hot water tank,0,Unknown,0.0,brands,Commercial,Low
Water Heaters (L2),ao smith gas tankless water heater,0,Unknown,0.0,brands,Commercial,Low
Water Heaters (L2),ao smith gas water heater prices,0,Unknown,0.0,brands,Commercial,Low
Water Heaters (L2),ao smith gas water heater thermostat,0,Unknown,0.0,brands,Commercial,Low
Water Heaters (L2),ao smith gas water heater thermostat replacement,0,Unknown,0.0,brands,Commercial,Low
Water Heaters (L2),ao smith gcr50,0,Unknown,0.0,brands,Commercial,Low
Water Heaters (L2),ao smith gdhe 75,0,Unknown,0.0,brands,Commercial,Low
Water Heaters (L2),ao smith gen 6,0,Unknown,0.0,brands,Commercial,Low
Water Heaters (L2),ao smith geyser 15 ltr finesse price,0,Unknown,0.0,brands,Commercial,Low
Water Heaters (L2),ao smith geyser elegance,0,Unknown,0.0,brands,Commercial,Low
Water Heaters (L2),ao smith geyser ews 3l,0,Unknown,0.0,brands,Commercial,Low
Water Heaters (L2),ao smith gpdx 50l,0,Unknown,0.0,brands,Commercial,Low
Water Heaters (L2),ao smith heat pump hot water heater,0,Unknown,0.0,brands,Commercial,Low
Water Heaters (L2),ao smith hot and cold water,0,Unknown,0.0,brands,Commercial,Low
Water Heaters (L2),ao smith hot water heater installation,0,Unknown,0.0,brands,Commercial,Low
Water Heaters (L2),ao smith hot water heater thermostat,0,Unknown,0.0,brands,Commercial,Low
Water Heaters (L2),ao smith hotline,0,Unknown,0.0,brands,Commercial,Low
Water Heaters (L2),ao smith hp1050h45dv,0,Unknown,0.0,brands,Commercial,Low
Water Heaters (L2),ao smith hw 420,0,Unknown,0.0,brands,Commercial,Low
Water Heaters (L2),ao smith hw 520,0,Unknown,0.0,brands,Commercial,Low
Water Heaters (L2),ao smith hw 670,0,Unknown,0.0,brands,Commercial,Low
Water Heaters (L2),ao smith hydro pneumatic pump tank,0,Unknown,0.0,brands,Commercial,Low
Water Heaters (L2),ao smith indirect water heater,0,Unknown,0.0,brands,Commercial,Low
Water Heaters (L2),ao smith irrigation pumps,0,Unknown,0.0,brands,Commercial,Low
Water Heaters (L2),ao smith j ews 3,0,Unknown,0.0,brands,Commercial,Low
Water Heaters (L2),ao smith jet pump,0,Unknown,0.0,brands,Commercial,Low
Water Heaters (L2),ao smith jf1h092n,0,Unknown,0.0,brands,Commercial,Low
Water Heaters (L2),ao smith k56a46b23,0,Unknown,0.0,brands,Commercial,Low
Water Heaters (L2),ao smith lower thermostat,0,Unknown,0.0,brands,Commercial,Low
Water Heaters (L2),ao smith lower thermostat replacement,0,Unknown,0.0,brands,Commercial,Low
Water Heaters (L2),ao smith lp water heater,0,Unknown,0.0,brands,Commercial,Low
Water Heaters (L2),ao smith lte80,0,Unknown,0.0,brands,Commercial,Low
Water Heaters (L2),ao smith lte80d,0,Unknown,0.0,brands,Commercial,Low
Water Heaters (L2),ao smith mobile home water heater,0,Unknown,0.0,brands,Commercial,Low
Water Heaters (L2),ao smith oil fired water heater,0,Unknown,0.0,brands,Commercial,Low
Water Heaters (L2),ao smith p6 water purifier amazon,0,Unknown,0.0,brands,Commercial,Low
Water Heaters (L2),ao smith pcg 75,0,Unknown,0.0,brands,Commercial,Low
Water Heaters (L2),ao smith pcg 75 300,0,Unknown,0.0,brands,Commercial,Low
Water Heaters (L2),ao smith permaglass water heater,0,Unknown,0.0,brands,Commercial,Low
Water Heaters (L2),ao smith plumbing,0,Unknown,0.0,brands,Commercial,Low
Water Heaters (L2),ao smith polaris,0,Unknown,0.0,brands,Commercial,Low
Water Heaters (L2),ao smith polaris water heater,0,Unknown,0.0,brands,Commercial,Low
Water Heaters (L2),ao smith powerhouse powershot water heater,0,Unknown,0.0,brands,Commercial,Low
Water Heaters (L2),ao smith powershot water heater,0,Unknown,0.0,brands,Commercial,Low
Water Heaters (L2),ao smith preferred water heater,0,Unknown,0.0,brands,Commercial,Low
Water Heaters (L2),ao smith pro line,0,Unknown,0.0,brands,Commercial,Low
Water Heaters (L2),ao smith pro series water heater,0,Unknown,0.0,brands,Commercial,Low
Water Heaters (L2),ao smith professional water heater,0,Unknown,0.0,brands,Commercial,Low
Water Heaters (L2),ao smith proplanet p3 price,0,Unknown,0.0,brands,Commercial,Low
Water Heaters (L2),ao smith r4lr 280e,0,Unknown,0.0,brands,Commercial,Low
Water Heaters (L2),ao smith r4ma 320e,0,Unknown,0.0,brands,Commercial,Low
Water Heaters (L2),ao smith residential electric water heater,0,Unknown,0.0,brands,Commercial,Low
Water Heaters (L2),ao smith residential gas water heater,0,Unknown,0.0,brands,Commercial,Low
Water Heaters (L2),ao smith stainless steel water heater,0,Unknown,0.0,brands,Commercial,Low
Water Heaters (L2),ao smith table top water heater,0,Unknown,0.0,brands,Commercial,Low
Water Heaters (L2),ao smith tankless water heater gas,0,Unknown,0.0,brands,Commercial,Low
Water Heaters (L2),ao smith tankless water heater maintenance,0,Unknown,0.0,brands,Commercial,Low
Water Heaters (L2),ao smith tankless water heater no hot water,0,Unknown,0.0,brands,Commercial,Low
Water Heaters (L2),ao smith tankless water heater not heating,0,Unknown,0.0,brands,Commercial,Low
Water Heaters (L2),ao smith tankless water heater price,0,Unknown,0.0,brands,Commercial,Low
Water Heaters (L2),ao smith tankless water heater with recirculation pump,0,Unknown,0.0,brands,Commercial,Low
Water Heaters (L2),ao smith thermal balancer,0,Unknown,0.0,brands,Commercial,Low
Water Heaters (L2),ao smith thermistor,0,Unknown,0.0,brands,Commercial,Low
Water Heaters (L2),ao smith upper thermostat,0,Unknown,0.0,brands,Commercial,Low
Water Heaters (L2),ao smith urban geyser,0,Unknown,0.0,brands,Commercial,Low
Water Heaters (L2),ao smith v100,0,Unknown,0.0,brands,Commercial,Low
Water Heaters (L2),ao smith water descaler,0,Unknown,0.0,brands,Commercial,Low
Water Heaters (L2),ao smith water heater chennai,0,Unknown,0.0,brands,Commercial,Low
Water Heaters (L2),ao smith water heater electronic thermostat,0,Unknown,0.0,brands,Commercial,Low
Water Heaters (L2),ao smith water heater for sale,0,Unknown,0.0,brands,Commercial,Low
Water Heaters (L2),ao smith water heater lower thermostat,0,Unknown,0.0,brands,Commercial,Low
Water Heaters (L2),ao smith water heater replacement,0,Unknown,0.0,brands,Commercial,Low
Water Heaters (L2),ao smith water heater replacement cost,0,Unknown,0.0,brands,Commercial,Low
Water Heaters (L2),ao smith water heater transport,0,Unknown,0.0,brands,Commercial,Low
Water Heaters (L2),ao smith water systems,0,Unknown,0.0,brands,Commercial,Low
Water Heaters (L2),ao smith waterheaters,0,Unknown,0.0,brands,Commercial,Low
Water Heaters (L2),ao smith x3 tankless,0,Unknown,0.0,brands,Commercial,Low
Water Heaters (L2),ao smith z8 water purifier maintenance cost,0,Unknown,0.0,brands,Commercial,Low
Water Heaters (L2),ao smith z8 water purifier price,0,Unknown,0.0,brands,Commercial,Low
Water Heaters (L2),ao smith z9 green ro smith water purifier,0,Unknown,0.0,brands,Commercial,Low
Water Heaters (L2),ao tankless water heater,0,Unknown,0.0,brands,Commercial,Low
Water Heaters (L2),ao white water heater,0,Unknown,0.0,brands,Commercial,Low
Water Heaters (L2),aos hot water heater,0,Unknown,0.0,brands,Commercial,Low
Water Heaters (L2),aosmith com water heater,0,Unknown,0.0,brands,Commercial,Low
Water Heaters (L2),best ao smith electric water heater,0,Unknown,0.0,brands,Informational,Low
Water Heaters (L2),best ao smith gas water heater,0,Unknown,0.0,brands,Informational,Low
Water Heaters (L2),electric ao smith tankless water heater,0,Unknown,0.0,brands,Commercial,Low
Water Heaters (L2),electric tankless water heater ao smith,0,Unknown,0.0,brands,Commercial,Low
Water Heaters (L2),green power & company ao smith,0,Unknown,0.0,brands,Commercial,Low
Water Heaters (L2),installing ao smith electric water heater,0,Unknown,0.0,brands,Commercial,Low
Water Heaters (L2),installing ao smith tankless water heater,0,Unknown,0.0,brands,Commercial,Low
Water Heaters (L2),new ao smith water heater not heating,0,Unknown,0.0,brands,Commercial,Low
Water Heaters (L2),p6 ao smith price,0,Unknown,0.0,brands,Commercial,Low
Water Heaters (L2),smith gas water heater,0,Unknown,0.0,brands,Commercial,Low
Water Heaters (L2),smith permaglass water heater,0,Unknown,0.0,brands,Commercial,Low
Water Heaters (L2),smith tankless hot water heater,0,Unknown,0.0,brands,Commercial,Low
Water Heaters (L2),water geyser 10 ltr price ao smith,0,Unknown,0.0,brands,Commercial,Low
Water Heaters (L2),www ao smith water heater,0,Unknown,0.0,brands,Commercial,Low
